Sample Location,Ship Date,Sample,Project,Collection_Date,Sub-Location,Band,SPECIES,AGE,SEX,Mass(g),Wing,Culmen,Tarsus,BCI (1-5),Swab collected,IAV Matrix PCR,H5 2344 PCR,Isolation,Subtype,Single/Mix,LPAI/HPAI,CleavageSite,H5N1 Genotype,Blood Collected,NP_value_0.5threshold,NP_result,H5_SN,H5_result,Comments,MDZoonotics,SWABS,B,C,E,F,RBC,ENCOUNTER,"FULL/PARTIAL
SAMPLE","ENCOUNTERED
IN PREVIOUS
SEASON?",PrevBlood/EVial,PrevbELISA
"Sent to UMass, e vials to URI",1/14/26,25JH0001,Poplar Waterfowl,11/26/25,5AB,2227-24532,ABDX,AHY,M,1450,280,59.1,48.4,3,Y,,,,,,,,,Y,,,,,,Yes,Y,Y,Y,Y,Y,Y,1,FULL,11/14/24,,
"Sent to UMass, e vials to URI",1/14/26,25JH0002,Poplar Waterfowl,11/26/25,7,2497-33290,MALL,AHY,M,1100,275,54,45,2,Y,,,,,,,,,Y,,,,,,Yes,Y,Y,Y,Y,Y,Y,1,FULL,,,
"Sent to UMass, e vials to URI",1/14/26,25JH0003,Poplar Waterfowl,11/26/25,7,2497-33289,MALL,HY,M,850,279,57.7,47,2,Y,,,,,,,,,Y,,,,,,Yes,Y,Y,Y,Y,N,Y,1,FULL,,,
"Sent to UMass, e vials to URI",1/14/26,25JH0005,Poplar Waterfowl,11/26/25,7,2497-33291,MALL,HY,M,1280,274,58.2,47.6,2.5,Y,,,,,,,,,Y,,,,,,Yes,Y,Y,Y,Y,N,Y,1,FULL,,,
"Sent to UMass, e vials to URI",1/14/26,25JH0006,Poplar Waterfowl,11/26/25,7,2497-33293,ABDU,AHY,F,880,254,47.6,41.5,2,Y,,,,,,,,,Y,,,,,,Yes,Y,Y,N,Y,N,Y,1,FULL,,,
"Sent to UMass, e vials to URI",1/14/26,25JH0007,Poplar Waterfowl,11/26/25,1B,2497-33294,MALL,AHY,F,1150,265,50.4,43.7,3,Y,,,,,,,,,Y,,,,,,Yes,Y,Y,Y,Y,Y,Y,1,FULL,,,
"Sent to UMass, e vials to URI",1/14/26,25JH0008,Poplar Waterfowl,11/26/25,1B,2497-30832,MALL,AHY,F,1040,281,52,47.2,3,Y,,,,,,,,,Y,,,,,,Yes,Y,Y,Y,Y,Y,Y,1,FULL,,,
"Sent to UMass, e vials to URI",1/14/26,25JH0009,Poplar Waterfowl,11/26/25,1B,2497-33296,MALL,AHY,M,1300,290,50.8,40.4,3,Y,,,,,,,,,Y,,,,,,Yes,Y,Y,Y,Y,Y,Y,1,FULL,,,
"Sent to UMass, e vials to URI",1/14/26,25JH0011,Poplar Waterfowl,11/26/25,1B,2497-33297,MALL,AHY,M,1350,289,50.6,43,4,Y,,,,,,,,,Y,,,,,,Yes,Y,Y,Y,Y,N,Y,1,FULL,,,
"Sent to UMass, e vials to URI",1/14/26,25JH0012,Poplar Waterfowl,11/26/25,1B,2497-33298,MALL,AHY,M,1190,286,52.2,41,2.5,Y,,,,,,,,,Y,,,,,,Yes,Y,Y,N,Y,N,Y,1,FULL,,,
"Sent to UMass, e vials to URI",1/14/26,25JH0013,Poplar Waterfowl,11/26/25,1B,2497-33299,MALL,AHY,M,1100,262,51,45.3,3,Y,,,,,,,,,Y,,,,,,Yes,Y,Y,Y,Y,Y,Y,1,FULL,,,
"Sent to UMass, e vials to URI",1/14/26,25JH0014,Poplar Waterfowl,11/26/25,1B,2497-33300,MALL,AHY,M,1250,294,54.3,44.7,2.5,Y,,,,,,,,,Y,,,,,,Yes,Y,Y,N,Y,N,Y,1,FULL,,,
"Sent to UMass, e vials to URI",1/14/26,25JH0015,Poplar Waterfowl,11/26/25,1B,2497-85301,MALL,AHY,F,1200,270,52,47.7,3,Y,,,,,,,,,Y,,,,,,Yes,Y,Y,Y,Y,Y,Y,1,FULL,,,
"Sent to UMass, e vials to URI",1/14/26,25JH0016,Poplar Waterfowl,11/26/25,1B,2497-85302,MALL,HY,F,900,247,53.7,43,2.5,Y,,,,,,,,,Y,,,,,,Yes,Y,Y,Y,Y,N,Y,1,FULL,,,
"Sent to UMass, e vials to URI",1/14/26,25JH0017,Poplar Waterfowl,11/26/25,1B,2497-85303,MALL,AHY,M,1100,280,57.3,47.3,3,Y,,,,,,,,,Y,,,,,,Yes,Y,Y,Y,Y,Y,Y,1,FULL,,,
"Sent to UMass, e vials to URI",1/14/26,25JH0018,Poplar Waterfowl,11/26/25,1B,2497-85304,ABDU,AHY,M,1300,279,55.7,49.8,2.5,Y,,,,,,,,,Y,,,,,,Yes,Y,Y,Y,Y,Y,Y,1,FULL,,,
"Sent to UMass, e vials to URI",1/14/26,25JH0019,Poplar Waterfowl,12/3/25,7,2497-85305,MALL,AHY,F,1250,258,52.7,45.4,3,Y,,,,,,,,,Y,,,,,,Yes,Y,N,N,Y,N,N,1,FULL,,,
"Sent to UMass, e vials to URI",1/14/26,25JH0020,Poplar Waterfowl,12/3/25,7,2497-85306,MALL,HY,F,1100,242,52.8,45.1,2,Y,,,,,,,,,Y,,,,,,Yes,Y,N,N,Y,N,N,1,FULL,,,
"Sent to UMass, e vials to URI",1/14/26,25JH0021,Poplar Waterfowl,12/3/25,1B,2497-85307,MALL,AHY,M,1150,271,54,43.1,3,Y,,,,,,,,,Y,,,,,,Yes,N,Y,Y,Y,Y,Y,1,FULL,,,
"Sent to UMass, e vials to URI",1/14/26,25JH0022,Poplar Waterfowl,12/3/25,1B,2497-33224,ABDU,HY,M,,,,,,,,,,,,,,,Y,,,,,RECAP BLOOD ONLY,Yes,Y,Y,Y,Y,N,Y,2,PARTIAL,,,
"Sent to UMass, e vials to URI",1/14/26,25JH0023,Poplar Waterfowl,12/3/25,1B,2497-85308,MALL,AHY,M,1160,280,56,45.4,3,Y,,,,,,,,,Y,,,,,,Yes,Y,Y,Y,Y,N,Y,1,FULL,,,
"Sent to UMass, e vials to URI",1/14/26,25JH0025,Poplar Waterfowl,12/3/25,1B,2497-85310,MALL,AHY,M,1250,295,53.8,47,3,Y,,,,,,,,,Y,,,,,,Yes,Y,Y,Y,Y,N,Y,1,FULL,,,
"Sent to UMass, e vials to URI",1/14/26,25JH0026,Poplar Waterfowl,12/3/25,1B,2497-85311,MALL,AHY,F,1050,268,52.6,45.4,3,Y,,,,,,,,,Y,,,,,,Yes,Y,Y,Y,Y,N,Y,1,FULL,,,
"Sent to UMass, e vials to URI",1/14/26,25JH0027,Poplar Waterfowl,12/3/25,1B,2497-85312,MALL,AHY,M,1140,285,55.3,46.3,2,Y,,,,,,,,,Y,,,,,,Yes,Y,Y,Y,Y,Y,Y,1,FULL,,,
"Sent to UMass, e vials to URI",1/14/26,25JH0028,Poplar Waterfowl,12/3/25,1B,2497-85313,MALL,AHY,F,1000,248,51,43.8,3,Y,,,,,,,,,Y,,,,,,Yes,Y,Y,Y,Y,Y,Y,1,FULL,,,
"Sent to UMass, e vials to URI",1/14/26,25JH0029,Poplar Waterfowl,12/3/25,1B,2497-85314,MALL,AHY,M,1240,276,52.8,48.7,3,Y,,,,,,,,,Y,,,,,,Yes,Y,N,N,Y,N,N,1,FULL,,,
"Sent to UMass, e vials to URI",1/14/26,25JH0030,Poplar Waterfowl,12/3/25,1B,2497-85315,MALL,AHY,M,1050,265,58.2,45.1,3,Y,,,,,,,,,Y,,,,,,Yes,Y,Y,Y,Y,Y,Y,1,FULL,,,
"Sent to UMass, e vials to URI",1/14/26,25JH0032,Poplar Waterfowl,12/3/25,1B,2497-85317,ABDU,AHY,F,1000,264,53,45.8,3,Y,,,,,,,,,Y,,,,,,Yes,Y,Y,N,Y,N,Y,1,FULL,,,
"Sent to UMass, e vials to URI",1/14/26,25JH0036,Poplar Waterfowl,12/3/25,1B,2497-85319,MALL,AHY,F,1250,245,50,42.9,3,Y,,,,,,,,,Y,,,,,,Yes,Y,Y,Y,Y,Y,Y,1,FULL,,,
"Sent to UMass, e vials to URI",1/14/26,25JH0037,Poplar Waterfowl,12/3/25,5AB,2497-85320,MALL,AHY,M,1500,285,58.3,45.5,3,Y,,,,,,,,,Y,,,,,,Yes,Y,Y,N,Y,N,Y,1,FULL,,,
"Sent to UMass, e vials to URI",1/14/26,25JH0038,Poplar Waterfowl,12/3/25,5AB,2497-85321,MALL,AHY,M,1550,279,53.6,45.7,4,Y,,,,,,,,,Y,,,,,,Yes,Y,Y,Y,Y,Y,Y,1,FULL,,,
"Sent to UMass, e vials to URI",1/14/26,25JH0039,Poplar Waterfowl,12/3/25,5AB,2497-85322,MALL,AHY,M,1250,278,56.5,46.4,3,Y,,,,,,,,,Y,,,,,,Yes,Y,Y,Y,Y,Y,Y,1,FULL,,,
"Sent to UMass, e vials to URI",1/14/26,25JH0040,Poplar Waterfowl,12/3/25,5AB,2497-85323,MALL,AHY,M,1300,280,55.8,47.2,3,Y,,,,,,,,,Y,,,,,,Yes,Y,Y,Y,Y,Y,Y,1,FULL,,,
"Sent to UMass, e vials to URI",1/14/26,25JH0041,Poplar Waterfowl,12/3/25,5AB,2497-85324,MALL,AHY,M,1400,282,55.4,46.3,3,Y,,,,,,,,,Y,,,,,,Yes,Y,Y,N,Y,N,Y,1,FULL,,,
"Sent to UMass, e vials to URI",1/14/26,25JH0042,Poplar Waterfowl,12/3/25,5AB,2497-85325,MALL,AHY,M,1050,248,62.7,47,2,Y,,,,,,,,,Y,,,,,,Yes,Y,Y,N,Y,N,Y,1,FULL,,,
"Sent to UMass, e vials to URI",1/14/26,25JH0043,Poplar Waterfowl,12/3/25,5AB,2497-85326,MALL,AHY,M,1250,271,52.8,46.9,3,Y,,,,,,,,,Y,,,,,,Yes,Y,Y,Y,Y,Y,Y,1,FULL,,,
"Sent to UMass, e vials to URI",1/14/26,25JH0045,Poplar Waterfowl,12/3/25,5AB,2497-85328,MALL,AHY,F,1100,241,53,45,2,Y,,,,,,,,,Y,,,,,,Yes,Y,Y,N,Y,N,Y,1,FULL,,,
"Sent to UMass, e vials to URI",1/14/26,25JH0046,Poplar Waterfowl,12/4/25,1B,1336-32001,NOPI,AHY,M,1020,276,49,47,3,Y,,,,,,,,,Y,,,,,,Yes,Y,Y,Y,Y,Y,Y,1,FULL,,,
"Sent to UMass, e vials to URI",1/14/26,25JH0047,Poplar Waterfowl,12/4/25,1B,2497-85316,ABDU,HY,F,,,,,,N,,,,,,,,,Y,,,,,Only needed blood,Yes,,Y,Y,Y,Y,Y,2,PARTIAL,,,
"Sent to UMass, e vials to URI",1/14/26,25JH0048,Poplar Waterfowl,12/4/25,1B,2497-85329,MALL,HY,M,1020,258,54.3,47.9,3,Y,,,,,,,,,Y,,,,,,Yes,Y,Y,Y,Y,Y,Y,1,FULL,,,
"Sent to UMass, e vials to URI",1/14/26,25JH0049,Poplar Waterfowl,12/4/25,1B,2497-85330,MALL,AHY,M,1100,271,54.2,45.9,3,Y,,,,,,,,,Y,,,,,,Yes,Y,Y,Y,Y,Y,Y,1,FULL,,,
"Sent to UMass, e vials to URI",1/14/26,25JH0051,Poplar Waterfowl,12/4/25,1B,2497-85332,MALL,AHY,M,1340,284,58.7,47.4,3.5,Y,,,,,,,,,Y,,,,,,Yes,Y,Y,Y,Y,Y,Y,1,FULL,,,
"Sent to UMass, e vials to URI",1/14/26,25JH0053,Poplar Waterfowl,12/4/25,1B,2497-85334,MALL,AHY,M,1360,289,57.9,47.1,3,Y,,,,,,,,,Y,,,,,EVIAL ONLY,Yes,Y,N,N,Y,N,N,1,FULL,,,
"Sent to UMass, e vials to URI",1/14/26,25JH0054,Poplar Waterfowl,12/4/25,1B,2497-85336,MALL,AHY,F,1000,257,52.4,43.5,3,Y,,,,,,,,,Y,,,,,,Yes,Y,Y,Y,Y,N,Y,1,FULL,,,
"Sent to UMass, e vials to URI",1/14/26,25JH0055,Poplar Waterfowl,12/4/25,1B,2497-85335,ABDX,AHY,M,1480,290,56.1,47.8,3,Y,,,,,,,,,Y,,,,,,Yes,Y,Y,Y,Y,Y,Y,1,FULL,,,
"Sent to UMass, e vials to URI",1/14/26,25JH0056,Poplar Waterfowl,12/4/25,1B,2497-85337,MALL,HY,F,1100,255,52.8,42.4,3.5,Y,,,,,,,,,Y,,,,,WET (HEAVY),Yes,Y,Y,Y,Y,Y,Y,1,FULL,,,
"Sent to UMass, e vials to URI",1/14/26,25JH0058,Poplar Waterfowl,12/9/25,5AB,2497-30887,MALL,AHY,M,1450,,,,3,Y,,,,,,,,,Y,,,,,WET (HEAVY),Yes,Y,Y,Y,Y,Y,Y,1,FULL,,,
"Sent to UMass, e vials to URI",1/14/26,25JH0060,Poplar Waterfowl,12/9/25,5AB,2497-85320,MALL,AHY,M,1420,,,,3,Y,,,,,,,,,Y,,,,,,Yes,Y,Y,Y,Y,Y,Y,2,FULL,,,
"Sent to UMass, e vials to URI",1/14/26,25JH0061,Poplar Waterfowl,12/9/25,5AB,2497-30888,MALL,AHY,F,1200,,,,2,Y,,,,,,,,,Y,,,,,LUMP IN THROAT,Yes,Y,Y,Y,Y,N,Y,1,FULL,,,
"Sent to UMass, e vials to URI",1/14/26,25JH0062,Poplar Waterfowl,12/9/25,5AB,2257-01156,ABDU,AHY,F,1320,,,,3,Y,,,,,,,,,Y,,,,,WET (HEAVY),Yes,Y,Y,Y,Y,Y,Y,1,FULL,,,
"Sent to UMass, e vials to URI",1/14/26,25JH0063,Poplar Waterfowl,12/9/25,5AB,2497-85339,ABDU,AHY,M,1350,,,,3,Y,,,,,,,,,Y,,,,,,Yes,Y,Y,Y,Y,Y,Y,1,FULL,,,
"Sent to UMass, e vials to URI",1/14/26,25JH0064,Poplar Waterfowl,12/9/25,5AB,2497-85340,ABDX,AHY,M,1680,,,,3.5,Y,,,,,,,,,Y,,,,,,Yes,Y,Y,Y,Y,Y,Y,1,FULL,,,
"Sent to UMass, e vials to URI",1/14/26,25JH0065,Poplar Waterfowl,12/9/25,5AB,2497-85341,ABDU,AHY,M,1500,,,,3,Y,,,,,,,,,Y,,,,,,Yes,Y,Y,Y,Y,Y,Y,1,FULL,,,
"Sent to UMass, e vials to URI",1/14/26,25JH0066,Poplar Waterfowl,12/9/25,5AB,2497-85342,ABDU,HY,M,1220,,,,3,Y,,,,,,,,,Y,,,,,,Yes,Y,Y,Y,Y,Y,Y,1,FULL,,,
"Sent to UMass, e vials to URI",1/14/26,25JH0067,Poplar Waterfowl,12/9/25,5AB,2497-85343,ABDU,AHY,F,1260,,,,3,Y,,,,,,,,,Y,,,,,,Yes,Y,Y,Y,Y,Y,Y,1,FULL,,,
"Sent to UMass, e vials to URI",1/14/26,25JH0068,Poplar Waterfowl,12/9/25,5AB,2497-85344,ABDU,AHY,M,1280,,,,2,Y,,,,,,,,,Y,,,,,,Yes,Y,Y,Y,Y,Y,Y,1,FULL,,,
"Sent to UMass, e vials to URI",1/14/26,25JH0069,Poplar Waterfowl,12/9/25,5AB,2497-85345,ABDX,AHY,M,1680,,,,4,Y,,,,,,,,,Y,,,,,,Yes,Y,Y,Y,Y,Y,Y,1,FULL,,,
"Sent to UMass, e vials to URI",1/14/26,25JH0071,Poplar Waterfowl,12/9/25,5AB,2497-85347,ABDU,HY,M,1260,,,,2.5,Y,,,,,,,,,Y,,,,,,Yes,Y,Y,Y,Y,Y,Y,1,FULL,,,
"Sent to UMass, e vials to URI",1/14/26,25JH0074,Poplar Waterfowl,12/9/25,5AB,2497-85350,MALL,AHY,M,1340,,,,2.5,Y,,,,,,,,,Y,,,,,,Yes,Y,Y,Y,Y,Y,Y,1,FULL,,,
"Sent to UMass, e vials to URI",1/14/26,25JH0075,Poplar Waterfowl,12/9/25,5AB,2497-85352,MALL,HY,M,1060,,,,2,Y,,,,,,,,,Y,,,,,,Yes,Y,Y,Y,Y,Y,Y,1,FULL,,,
"Sent to UMass, e vials to URI",1/14/26,25JH0077,Poplar Waterfowl,12/9/25,5AB,2497-85354,MALL,AHY,M,1180,,,,2.5,Y,,,,,,,,,Y,,,,,,Yes,Y,Y,Y,Y,N,Y,1,FULL,,,
"Sent to UMass, e vials to URI",1/14/26,25JH0078,Poplar Waterfowl,12/9/25,5AB,2497-85353,MALL,AHY,F,1180,,,,2.5,Y,,,,,,,,,Y,,,,,,Yes,Y,Y,Y,Y,Y,Y,1,FULL,,,
"Sent to UMass, e vials to URI",1/14/26,25JH0080,Poplar Waterfowl,12/9/25,5AB,2497-85356,MALL,HY,F,880,,,,2,Y,,,,,,,,,Y,,,,,,Yes,Y,Y,Y,Y,Y,Y,1,FULL,,,
"Sent to UMass, e vials to URI",1/14/26,25JH0081,Poplar Waterfowl,12/9/25,5AB,2497-85357,MALL,HY,F,1220,,,,2.5,Y,,,,,,,,,Y,,,,,,Yes,Y,Y,Y,Y,Y,Y,1,FULL,,,
"Sent to UMass, e vials to URI",1/14/26,25JH0082,Poplar Waterfowl,12/9/25,5AB,2497-30878,MALL,AHY,F,1260,,,,3,Y,,,,,,,,,Y,,,,,WET (HEAVY),Yes,Y,Y,Y,Y,Y,Y,1,FULL,,,
"Sent to UMass, e vials to URI",1/14/26,25JH0083,Poplar Waterfowl,12/9/25,5AB,2497-85358,MALL,AHY,F,1350,,,,2.5,Y,,,,,,,,,Y,,,,,,Yes,Y,Y,Y,Y,Y,Y,1,FULL,,,
"Sent to UMass, e vials to URI",1/14/26,25JH0084,Poplar Waterfowl,12/9/25,5AB,2497-85359,MALL,AHY,M,1280,,,,2.5,Y,,,,,,,,,Y,,,,,,Yes,Y,Y,Y,Y,Y,Y,1,FULL,,,
"Sent to UMass, e vials to URI",1/14/26,25JH0085,Poplar Waterfowl,12/9/25,5AB,2497-85360,MALL,AHY,M,1200,,,,2.5,Y,,,,,,,,,Y,,,,,,Yes,Y,Y,Y,Y,Y,Y,1,FULL,,,
"Sent to UMass, e vials to URI",1/14/26,25JH0086,Poplar Waterfowl,12/9/25,3D,2497-31478,ABDU,AHY,M,1320,,,,3.5,Y,,,,,,,,,Y,,,,,,Yes,Y,Y,Y,Y,Y,Y,1,FULL,,,
"Sent to UMass, e vials to URI",1/14/26,25JH0087,Poplar Waterfowl,12/9/25,3D,2497-31457,ABDU,AHY,F,1150,,,,2,Y,,,,,,,,,Y,,,,,,Yes,Y,Y,Y,Y,Y,Y,1,FULL,,,
"Sent to UMass, e vials to URI",1/14/26,25JH0088,Poplar Waterfowl,12/9/25,3D,2497-85361,MALL,AHY,F,1060,,,,2,Y,,,,,,,,,Y,,,,,,Yes,Y,Y,Y,Y,Y,Y,1,FULL,,,
"Sent to UMass, e vials to URI",1/14/26,25JH0089,Poplar Waterfowl,12/9/25,3D,2497-85362,MALL,AHY,M,1460,,,,3,Y,,,,,,,,,Y,,,,,,Yes,Y,Y,Y,Y,Y,Y,1,FULL,,,
"Sent to UMass, e vials to URI",1/14/26,25JH0090,Poplar Waterfowl,12/9/25,3D,2497-85363,MALL,AHY,M,1340,,,,3,Y,,,,,,,,,Y,,,,,,Yes,Y,Y,N,Y,N,Y,1,FULL,,,
"Sent to UMass, e vials to URI",1/14/26,25JH0091,Poplar Waterfowl,12/9/25,3D,2497-85364,MALL,AHY,M,1180,,,,2.5,Y,,,,,,,,,Y,,,,,,Yes,Y,Y,Y,Y,N,Y,1,FULL,,,
"Sent to UMass, e vials to URI",1/14/26,25JH0092,Poplar Waterfowl,12/9/25,3D,2497-85365,MALL,AHY,M,1350,,,,2,Y,,,,,,,,,Y,,,,,,Yes,Y,Y,Y,Y,Y,Y,1,FULL,,,
"Sent to UMass, e vials to URI",1/14/26,25JH0093,Poplar Waterfowl,12/9/25,3D,2497-85366,MALL,AHY,M,1240,,,,2.5,Y,,,,,,,,,Y,,,,,,Yes,Y,Y,Y,Y,Y,Y,1,FULL,,,
"Sent to UMass, e vials to URI",1/14/26,25JH0094,Poplar Waterfowl,12/9/25,3D,2497-85367,MALL,AHY,M,1450,,,,2,Y,,,,,,,,,Y,,,,,,Yes,Y,Y,N,Y,N,Y,1,FULL,,,
"Sent to UMass, e vials to URI",1/14/26,25JH0095,Poplar Waterfowl,12/9/25,3D,2497-85368,MALL,AHY,M,1440,,,,3,Y,,,,,,,,,Y,,,,,,Yes,Y,Y,N,Y,N,Y,1,FULL,,,
"Sent to UMass, e vials to URI",1/14/26,25JH0096,Poplar Waterfowl,12/9/25,3D,2497-85369,ABDU,AHY,M,1340,,,,3.5,Y,,,,,,,,,Y,,,,,,Yes,Y,Y,Y,Y,,Y,1,FULL,,,
"Sent to UMass, e vials to URI",1/14/26,25JH0097,Poplar Waterfowl,12/9/25,3D,2497-85370,ABDU,HY,M,1350,,,,3,Y,,,,,,,,,Y,,,,,,Yes,Y,Y,Y,Y,Y,Y,1,FULL,,,
"Sent to UMass, e vials to URI",1/14/26,25JH0098,Poplar Waterfowl,12/9/25,7,1165-75763,NSHO,AHY,M,650,,,,3,Y,,,,,,,,,Y,,,,,,Yes,Y,Y,Y,Y,Y,Y,1,FULL,,,
"Sent to UMass, e vials to URI",1/14/26,25JH0099,Poplar Waterfowl,12/9/25,7,2497-85371,MALL,AHY,M,1360,,,,2.5,Y,,,,,,,,,Y,,,,,,Yes,Y,N,N,Y,,N,1,FULL,,,
"Sent to UMass, e vials to URI",1/14/26,25JH0100,Poplar Waterfowl,12/9/25,7,2497-85372,MALL,AHY,M,1360,,,,2.5,Y,,,,,,,,,Y,,,,,,Yes,Y,Y,Y,Y,Y,Y,1,FULL,,,
"Sent to UMass, e vials to URI",1/14/26,25JH0101,Poplar Waterfowl,12/9/25,7,2497-85373,MALL,AHY,M,1420,,,,3,Y,,,,,,,,,Y,,,,,,Yes,Y,Y,Y,Y,Y,Y,1,FULL,,,
"Sent to UMass, e vials to URI",1/14/26,25JH0102,Poplar Waterfowl,12/9/25,7,2497-85374,MALL,AHY,F,1150,,,,3,Y,,,,,,,,,Y,,,,,,Yes,Y,Y,Y,Y,Y,Y,1,FULL,,,
"Sent to UMass, e vials to URI",1/14/26,25JH0103,Poplar Waterfowl,12/9/25,7,2497-85375,MALL,AHY,M,1420,,,,3.5,Y,,,,,,,,,Y,,,,,,Yes,Y,Y,Y,Y,Y,Y,1,FULL,,,
"Sent to UMass, e vials to URI",1/14/26,25JH0104,Poplar Waterfowl,12/9/25,7,2497-85376,MALL,HY,F,950,,,,2.5,Y,,,,,,,,,Y,,,,,,Yes,Y,Y,Y,Y,Y,Y,1,FULL,,,
"Sent to UMass, e vials to URI",1/14/26,25JH0105,Poplar Waterfowl,12/9/25,7,2497-85377,MALL,AHY,M,1250,,,,3,Y,,,,,,,,,Y,,,,,,Yes,Y,Y,Y,Y,Y,Y,1,FULL,,,
"Sent to UMass, e vials to URI",1/14/26,25JH0106,Poplar Waterfowl,12/9/25,7,2497-85378,MALL,HY,M,1350,,,,2.5,Y,,,,,,,,,Y,,,,,,Yes,Y,Y,Y,Y,Y,Y,1,FULL,,,
"Sent to UMass, e vials to URI",1/14/26,25JH0107,Poplar Waterfowl,12/9/25,7,2497-85379,MALL,HY,M,1340,,,,3,Y,,,,,,,,,Y,,,,,,Yes,Y,Y,Y,Y,Y,Y,1,FULL,,,
"Sent to UMass, e vials to URI",1/14/26,25JH0108,Poplar Waterfowl,12/9/25,7,2497-85380,MALL,HY,M,1220,,,,3,Y,,,,,,,,,Y,,,,,,Yes,Y,Y,Y,Y,Y,Y,1,FULL,,,
"Sent to UMass, e vials to URI",1/14/26,25JH0109,Poplar Waterfowl,12/9/25,7,2497-85381,MALL,AHY,F,1200,,,,3,Y,,,,,,,,,Y,,,,,,Yes,Y,Y,Y,Y,Y,Y,1,FULL,,,
"Sent to UMass, e vials to URI",1/14/26,25JH0110,Poplar Waterfowl,12/9/25,7,2497-85383,MALL,HY,M,1420,,,,2.5,Y,,,,,,,,,Y,,,,,,Yes,Y,Y,Y,Y,Y,Y,1,FULL,,,
"Sent to UMass, e vials to URI",1/14/26,25JH0111,Poplar Waterfowl,12/9/25,7,2497-85382,MALL,AHY,M,1320,,,,3,Y,,,,,,,,,Y,,,,,,Yes,Y,Y,Y,Y,Y,Y,1,FULL,,,
"Sent to UMass, e vials to URI",1/14/26,25JH0112,Poplar Waterfowl,12/9/25,7,2497-85384,MALL,AHY,M,1550,,,,3.5,Y,,,,,,,,,Y,,,,,,Yes,Y,Y,Y,Y,Y,Y,1,FULL,,,
"Sent to UMass, e vials to URI",1/14/26,25JH0113,Poplar Waterfowl,12/9/25,7,2497-85385,MALL,HY,M,1400,,,,2.5,Y,,,,,,,,,Y,,,,,,Yes,Y,Y,N,Y,N,Y,1,FULL,,,
"Sent to UMass, e vials to URI",1/14/26,25JH0115,Poplar Waterfowl,12/9/25,7,2497-85387,MALL,AHY,M,1320,,,,2.5,Y,,,,,,,,,Y,,,,,,Yes,Y,Y,Y,Y,Y,Y,1,FULL,,,
"Sent to UMass, e vials to URI",1/14/26,25JH0116,Poplar Waterfowl,12/9/25,7,2497-85388,MALL,AHY,M,1500,,,,4,Y,,,,,,,,,Y,,,,,,Yes,Y,Y,Y,Y,Y,Y,1,FULL,,,
"Sent to UMass, e vials to URI",1/14/26,25JH0117,Poplar Waterfowl,12/9/25,7,2497-85389,MALL,AHY,F,1350,,,,2,Y,,,,,,,,,Y,,,,,,Yes,Y,Y,Y,Y,Y,Y,1,FULL,,,
"Sent to UMass, e vials to URI",1/14/26,25JH0118,Poplar Waterfowl,12/9/25,7,2497-85390,MALL,AHY,F,1200,,,,3,Y,,,,,,,,,Y,,,,,,Yes,Y,Y,Y,Y,Y,Y,1,FULL,,,
"Sent to UMass, e vials to URI",1/14/26,25JH0119,Poplar Waterfowl,12/9/25,7,2497-85391,MALL,HY,M,1260,,,,2,Y,,,,,,,,,Y,,,,,,Yes,Y,Y,Y,Y,Y,Y,1,FULL,,,
"Sent to UMass, e vials to URI",1/14/26,25JH0120,Poplar Waterfowl,12/9/25,7,2497-85392,MALL,HY,F,1250,,,,3,Y,,,,,,,,,Y,,,,,,Yes,Y,Y,Y,Y,Y,Y,1,FULL,,,
"Sent to UMass, e vials to URI",1/14/26,25JH0121,Poplar Waterfowl,12/9/25,7,2497-85393,MALL,HY,M,1350,,,,2.5,Y,,,,,,,,,Y,,,,,,Yes,Y,Y,N,Y,N,Y,1,FULL,,,
"Sent to UMass, e vials to URI",1/14/26,25JH0122,Poplar Waterfowl,12/9/25,7,2497-85394,MALL,HY,M,990,,,,2,Y,,,,,,,,,Y,,,,,,Yes,Y,Y,Y,Y,N,Y,1,FULL,,,
"Sent to UMass, e vials to URI",1/14/26,25JH0123,Poplar Waterfowl,12/9/25,7,2497-85395,MALL,AHY,M,1500,,,,3,Y,,,,,,,,,Y,,,,,,Yes,Y,Y,Y,Y,Y,Y,1,FULL,,,
"Sent to UMass, e vials to URI",1/14/26,25JH0124,Poplar Waterfowl,12/9/25,7,2497-85396,MALL,HY,M,1450,,,,3,Y,,,,,,,,,Y,,,,,,Yes,Y,Y,Y,Y,Y,Y,1,FULL,,,
"Sent to UMass, e vials to URI",1/14/26,25JH0125,Poplar Waterfowl,12/9/25,7,2497-85397,MALL,AHY,M,1550,,,,2.5,Y,,,,,,,,,Y,,,,,,Yes,Y,Y,Y,Y,N,Y,1,FULL,,,
"Sent to UMass, e vials to URI",1/14/26,25JH0126,Poplar Waterfowl,12/9/25,7,2497-85398,MALL,AHY,F,1220,,,,3,Y,,,,,,,,,Y,,,,,,Yes,Y,Y,Y,Y,Y,Y,1,FULL,,,
"Sent to UMass, e vials to URI",1/14/26,25JH0127,Poplar Waterfowl,12/9/25,7,2497-85399,MALL,AHY,F,900,,,,2,Y,,,,,,,,,Y,,,,,,Yes,Y,Y,Y,Y,Y,Y,1,FULL,,,
"Sent to UMass, e vials to URI",1/14/26,25JH0128,Poplar Waterfowl,12/9/25,7,2497-85400,MALL,AHY,M,1250,,,,3,Y,,,,,,,,,Y,,,,,,Yes,Y,Y,N,Y,N,Y,1,FULL,,,
"Sent to UMass, e vials to URI",1/14/26,25JH0129,Poplar Waterfowl,12/9/25,7,2497-85402,MALL,HY,M,1260,,,,3,Y,,,,,,,,,Y,,,,,,Yes,Y,Y,Y,Y,Y,Y,1,FULL,,,
"Sent to UMass, e vials to URI",1/14/26,25JH0130,Poplar Waterfowl,12/9/25,7,2497-85401,MALL,AHY,M,1520,,,,3.5,Y,,,,,,,,,Y,,,,,,Yes,Y,Y,Y,Y,Y,Y,1,FULL,,,
"Sent to UMass, e vials to URI",1/14/26,25JH0131,Poplar Waterfowl,12/9/25,7,2497-85403,MALL,AHY,M,1400,,,,3,Y,,,,,,,,,Y,,,,,,Yes,Y,Y,N,Y,N,Y,1,FULL,,,
"Sent to UMass, e vials to URI",1/14/26,25JH0132,Poplar Waterfowl,12/9/25,7,2497-85404,MALL,AHY,M,1520,,,,3,Y,,,,,,,,,Y,,,,,,Yes,Y,Y,Y,Y,N,Y,1,FULL,,,
"Sent to UMass, e vials to URI",1/14/26,25JH0133,Poplar Waterfowl,12/9/25,7,2497-85405,MALL,AHY,M,1440,,,,3,Y,,,,,,,,,Y,,,,,,Yes,Y,Y,Y,Y,Y,Y,1,FULL,,,
"Sent to UMass, e vials to URI",1/14/26,25JH0134,Poplar Waterfowl,12/9/25,7,2497-85406,MALL,AHY,M,1320,,,,3,Y,,,,,,,,,Y,,,,,,Yes,Y,Y,Y,Y,Y,Y,1,FULL,,,
"Sent to UMass, e vials to URI",1/14/26,25JH0135,Poplar Waterfowl,12/9/25,7,2497-85407,MALL,AHY,M,1520,,,,3,Y,,,,,,,,,Y,,,,,,Yes,Y,Y,Y,Y,N,Y,1,FULL,,,
"Sent to UMass, e vials to URI",1/14/26,25JH0136,Poplar Waterfowl,12/9/25,7,2497-85408,MALL,AHY,M,1300,,,,2.5,Y,,,,,,,,,Y,,,,,,Yes,Y,Y,Y,Y,Y,Y,1,FULL,,,
"Sent to UMass, e vials to URI",1/14/26,25JH0137,Poplar Waterfowl,12/9/25,7,2497-85410,MALL,HY,F,1050,,,,2,Y,,,,,,,,,Y,,,,,,Yes,Y,Y,Y,Y,Y,Y,1,FULL,,,
"Sent to UMass, e vials to URI",1/14/26,25JH0138,Poplar Waterfowl,12/9/25,7,2497-85409,MALL,AHY,M,1420,,,,2.5,Y,,,,,,,,,Y,,,,,,Yes,Y,Y,Y,Y,Y,Y,1,FULL,,,
"Sent to UMass, e vials to URI",1/14/26,25JH0139,Poplar Waterfowl,12/9/25,7,2497-85411,MALL,HY,F,1250,,,,2,Y,,,,,,,,,Y,,,,,,Yes,Y,Y,Y,Y,Y,Y,1,FULL,,,
"Sent to UMass, e vials to URI",1/14/26,25JH0140,Poplar Waterfowl,12/9/25,7,2497-85412,MALL,HY,F,1150,,,,2.5,Y,,,,,,,,,Y,,,,,,Yes,Y,Y,Y,Y,Y,Y,1,FULL,,,
"Sent to UMass, e vials to URI",1/14/26,25JH0141,Poplar Waterfowl,12/9/25,7,2497-85413,ABDU,AHY,M,1400,,,,3.5,Y,,,,,,,,,Y,,,,,,Yes,Y,Y,Y,Y,Y,Y,1,FULL,,,
"Sent to UMass, e vials to URI",1/14/26,25JH0142,Poplar Waterfowl,12/9/25,7,2497-85414,ABDU,AHY,F,1250,,,,2.5,Y,,,,,,,,,Y,,,,,,Yes,Y,Y,Y,Y,Y,Y,1,FULL,,,
"Sent to UMass, e vials to URI",1/14/26,25JH0144,Poplar Waterfowl,12/9/25,7,2497-85416,ABDX,AHY,M,1420,,,,3,Y,,,,,,,,,Y,,,,,,Yes,Y,Y,Y,Y,Y,Y,1,FULL,,,
"Sent to UMass, e vials to URI",1/14/26,25JH0145,Poplar Waterfowl,12/9/25,7,2497-85417,ABDU,AHY,F,1200,,,,3,Y,,,,,,,,,Y,,,,,,Yes,Y,Y,Y,Y,Y,Y,1,FULL,,,
"Sent to UMass, e vials to URI",1/14/26,25JH0146,Poplar Waterfowl,12/9/25,7,2497-85418,ABDU,AHY,F,1200,,,,2,Y,,,,,,,,,Y,,,,,,Yes,Y,Y,Y,Y,N,Y,1,FULL,,,
"Sent to UMass, e vials to URI",1/14/26,25JH0147,Poplar Waterfowl,12/9/25,1B,2497-85419,MALL,AHY,M,1450,,,,3,Y,,,,,,,,,Y,,,,,,Yes,Y,Y,Y,Y,N,Y,1,FULL,,,
"Sent to UMass, e vials to URI",1/14/26,25JH0148,Poplar Waterfowl,12/9/25,1B,2497-85420,MALL,AHY,M,1150,,,,3,Y,,,,,,,,,Y,,,,,,Yes,Y,Y,Y,Y,Y,Y,1,FULL,,,
"Sent to UMass, e vials to URI",1/14/26,25JH0149,Poplar Waterfowl,12/9/25,1B,2497-85421,MALL,AHY,M,1420,,,,3,Y,,,,,,,,,Y,,,,,,Yes,Y,Y,Y,Y,Y,Y,1,FULL,,,
"Sent to UMass, e vials to URI",1/14/26,25JH0150,Poplar Waterfowl,12/9/25,1B,2497-85422,MALL,AHY,M,1400,,,,3,Y,,,,,,,,,Y,,,,,,Yes,Y,Y,N,Y,N,Y,1,FULL,,,
"Sent to UMass, e vials to URI",1/14/26,25JH0151,Poplar Waterfowl,12/9/25,1B,2497-85423,MALL,AHY,M,1220,,,,2.5,Y,,,,,,,,,Y,,,,,,Yes,Y,Y,N,Y,N,Y,1,FULL,,,
"Sent to UMass, e vials to URI",1/14/26,25JH0152,Poplar Waterfowl,12/9/25,1B,2497-85424,MALL,AHY,M,1440,,,,3.5,Y,,,,,,,,,Y,,,,,,Yes,Y,Y,N,Y,N,Y,1,FULL,,,
"Sent to UMass, e vials to URI",1/14/26,25JH0153,Poplar Waterfowl,12/9/25,1B,2497-85425,MALL,AHY,M,1450,,,,3,Y,,,,,,,,,Y,,,,,,Yes,Y,Y,Y,Y,N,Y,1,FULL,,,
"Sent to UMass, e vials to URI",1/14/26,25JH0154,Poplar Waterfowl,12/9/25,1B,2497-85426,MALL,AHY,M,1580,,,,3,Y,,,,,,,,,Y,,,,,,Yes,Y,Y,Y,Y,Y,Y,1,FULL,,,
"Sent to UMass, e vials to URI",1/14/26,25JH0155,Poplar Waterfowl,12/9/25,1B,2497-85427,MALL,AHY,M,1250,,,,3.5,Y,,,,,,,,,Y,,,,,,Yes,Y,Y,Y,Y,Y,Y,1,FULL,,,
"Sent to UMass, e vials to URI",1/14/26,25JH0156,Poplar Waterfowl,12/9/25,1B,2497-85428,MALL,AHY,F,1250,,,,3,Y,,,,,,,,,Y,,,,,,Yes,Y,Y,Y,Y,Y,Y,1,FULL,,,
"Sent to UMass, e vials to URI",1/14/26,25JH0157,Poplar Waterfowl,12/9/25,1B,2497-85429,MALL,AHY,M,1420,,,,2.5,Y,,,,,,,,,Y,,,,,,Yes,Y,Y,Y,Y,Y,Y,1,FULL,,,
"Sent to UMass, e vials to URI",1/14/26,25JH0158,Poplar Waterfowl,12/9/25,1B,2497-85430,MALL,AHY,F,1180,,,,3,Y,,,,,,,,,Y,,,,,,Yes,Y,Y,Y,Y,N,Y,1,FULL,,,
"Sent to UMass, e vials to URI",1/14/26,25JH0159,Poplar Waterfowl,12/9/25,1B,2497-85431,MALL,AHY,F,1000,,,,2,Y,,,,,,,,,Y,,,,,,Yes,Y,Y,N,Y,N,Y,1,FULL,,,
"Sent to UMass, e vials to URI",1/14/26,25JH0160,Poplar Waterfowl,12/9/25,1B,2497-85432,MALL,HY,F,1180,,,,3,Y,,,,,,,,,Y,,,,,,Yes,Y,Y,Y,Y,Y,Y,1,FULL,,,
"Sent to UMass, e vials to URI",1/14/26,25JH0161,Poplar Waterfowl,12/9/25,1B,2497-85433,MALL,AHY,M,1150,,,,3,Y,,,,,,,,,Y,,,,,,Yes,Y,Y,Y,Y,Y,Y,1,FULL,,,
"Sent to UMass, e vials to URI",1/14/26,25JH0162,Poplar Waterfowl,12/9/25,1B,2497-85434,MALL,AHY,F,1100,,,,3,Y,,,,,,,,,Y,,,,,EVIAL ONLY,Yes,Y,N,N,Y,N,N,1,FULL,,,
"Sent to UMass, e vials to URI",1/14/26,25JH0163,Poplar Waterfowl,12/9/25,1B,2497-85435,MALL,AHY,F,1220,,,,3,Y,,,,,,,,,Y,,,,,,Yes,Y,Y,Y,Y,Y,Y,1,FULL,,,
"Sent to UMass, e vials to URI",1/14/26,25JH0165,Poplar Waterfowl,12/9/25,1B,2497-85436,MALL,HY,M,1200,,,,3,Y,,,,,,,,,Y,,,,,,Yes,Y,Y,Y,Y,Y,Y,1,FULL,,,
"Sent to UMass, e vials to URI",1/14/26,25JH0166,Poplar Waterfowl,12/9/25,1B,2497-85437,MALL,AHY,M,1440,,,,3,Y,,,,,,,,,Y,,,,,,Yes,Y,Y,Y,Y,Y,Y,1,FULL,,,
"Sent to UMass, e vials to URI",1/14/26,25JH0167,Poplar Waterfowl,12/9/25,1B,2497-85438,MALL,AHY,M,1140,,,,2.5,Y,,,,,,,,,Y,,,,,,Yes,Y,Y,Y,Y,Y,Y,1,FULL,,,
"Sent to UMass, e vials to URI",1/14/26,25JH0168,Poplar Waterfowl,12/9/25,1B,2497-85439,MALL,AHY,M,1400,,,,3.5,Y,,,,,,,,,Y,,,,,,Yes,Y,Y,Y,Y,Y,Y,1,FULL,,,
"Sent to UMass, e vials to URI",1/14/26,25JH0169,Poplar Waterfowl,12/9/25,1B,2497-85440,MALL,AHY,F,1140,,,,3,Y,,,,,,,,,Y,,,,,,Yes,Y,Y,Y,Y,Y,Y,1,FULL,,,
"Sent to UMass, e vials to URI",1/14/26,25JH0170,Poplar Waterfowl,12/9/25,1B,2497-85441,MALL,HY,F,980,,,,2,Y,,,,,,,,,Y,,,,,,Yes,Y,Y,Y,Y,Y,Y,1,FULL,,,
"Sent to UMass, e vials to URI",1/14/26,25JH0171,Poplar Waterfowl,12/10/25,3D,2497-85460,MALL,AHY,M,1400,,,,3,Y,,,,,,,,,Y,,,,,,Yes,Y,Y,Y,Y,N,Y,1,FULL,,,
"Sent to UMass, e vials to URI",1/14/26,25JH0172,Poplar Waterfowl,12/10/25,3D,2497-85461,MALL,AHY,M,1280,,,,3,Y,,,,,,,,,Y,,,,,,Yes,Y,Y,Y,Y,N,Y,1,FULL,,,
"Sent to UMass, e vials to URI",1/14/26,25JH0173,Poplar Waterfowl,12/10/25,3D,2497-85462,MALL,HY,M,1280,,,,3,Y,,,,,,,,,Y,,,,,,Yes,Y,Y,Y,Y,N,Y,1,FULL,,,
"Sent to UMass, e vials to URI",1/14/26,25JH0174,Poplar Waterfowl,12/10/25,3D,2497-85463,MALL,AHY,M,1350,,,,3,Y,,,,,,,,,Y,,,,,,Yes,Y,Y,Y,Y,Y,Y,1,FULL,,,
"Sent to UMass, e vials to URI",1/14/26,25JH0175,Poplar Waterfowl,12/10/25,3D,2497-85464,MALL,AHY,M,1260,,,,3,Y,,,,,,,,,Y,,,,,,Yes,Y,Y,Y,Y,N,Y,1,FULL,,,
"Sent to UMass, e vials to URI",1/14/26,25JH0176,Poplar Waterfowl,12/10/25,3D,2497-85465,MALL,HY,M,1380,,,,3,Y,,,,,,,,,Y,,,,,,Yes,Y,Y,Y,Y,Y,Y,1,FULL,,,
"Sent to UMass, e vials to URI",1/14/26,25JH0177,Poplar Waterfowl,12/10/25,3D,2497-85466,MALL,AHY,M,1260,,,,2.5,Y,,,,,,,,,Y,,,,,,Yes,Y,Y,Y,Y,Y,Y,1,FULL,,,
"Sent to UMass, e vials to URI",1/14/26,25JH0178,Poplar Waterfowl,12/10/25,3D,2497-85467,MALL,AHY,F,1320,,,,3.5,Y,,,,,,,,,Y,,,,,,Yes,Y,Y,Y,Y,N,Y,1,FULL,,,
"Sent to UMass, e vials to URI",1/14/26,25JH0179,Poplar Waterfowl,12/10/25,3D,2497-85468,MALL,AHY,F,1220,,,,3,Y,,,,,,,,,Y,,,,,,Yes,Y,Y,Y,Y,Y,Y,1,FULL,,,
"Sent to UMass, e vials to URI",1/14/26,25JH0180,Poplar Waterfowl,12/10/25,3D,2497-85469,MALX,AHY,F,1360,,,,3,Y,,,,,,,,,Y,,,,,,Yes,Y,Y,Y,Y,Y,Y,1,FULL,,,
"Sent to UMass, e vials to URI",1/14/26,25JH0181,Poplar Waterfowl,12/10/25,3D,2497-85470,MALL,AHY,F,1060,,,,3,Y,,,,,,,,,Y,,,,,,Yes,Y,Y,Y,Y,Y,Y,1,FULL,,,
"Sent to UMass, e vials to URI",1/14/26,25JH0182,Poplar Waterfowl,12/10/25,3D,2497-85471,MALL,AHY,F,1100,,,,2.5,Y,,,,,,,,,Y,,,,,,Yes,Y,Y,Y,Y,Y,Y,1,FULL,,,
"Sent to UMass, e vials to URI",1/14/26,25JH0183,Poplar Waterfowl,12/10/25,3D,2497-85472,ABDU,AHY,M,1280,,,,3,Y,,,,,,,,,Y,,,,,,Yes,Y,Y,Y,Y,Y,Y,1,FULL,,,
"Sent to UMass, e vials to URI",1/14/26,25JH0184,Poplar Waterfowl,12/10/25,3D,2497-85473,MALL,AHY,M,1320,,,,3,Y,,,,,,,,,Y,,,,,,Yes,Y,Y,Y,Y,N,Y,1,FULL,,,
"Sent to UMass, e vials to URI",1/14/26,25JH0185,Poplar Waterfowl,12/10/25,3D,2497-85474,MALL,AHY,M,1400,,,,4,Y,,,,,,,,,Y,,,,,,Yes,Y,Y,Y,Y,Y,Y,1,FULL,,,
"Sent to UMass, e vials to URI",1/14/26,25JH0186,Poplar Waterfowl,12/10/25,3D,2497-85475,MALL,AHY,M,1400,,,,3,Y,,,,,,,,,Y,,,,,,Yes,Y,Y,Y,Y,N,Y,1,FULL,,,
"Sent to UMass, e vials to URI",1/14/26,25JH0187,Poplar Waterfowl,12/10/25,3D,2497-85476,MALL,AHY,M,1320,,,,3,Y,,,,,,,,,Y,,,,,,Yes,Y,Y,Y,Y,Y,Y,1,FULL,,,
"Sent to UMass, e vials to URI",1/14/26,25JH0188,Poplar Waterfowl,12/10/25,3D,2497-85477,MALL,AHY,M,1380,,,,3,Y,,,,,,,,,Y,,,,,,Yes,Y,Y,N,Y,N,Y,1,FULL,,,
"Sent to UMass, e vials to URI",1/14/26,25JH0189,Poplar Waterfowl,12/10/25,3D,2497-85478,MALL,AHY,M,1560,,,,3.5,Y,,,,,,,,,Y,,,,,,Yes,Y,Y,Y,Y,N,Y,1,FULL,,,
"Sent to UMass, e vials to URI",1/14/26,25JH0190,Poplar Waterfowl,12/10/25,3D,2497-85479,MALL,HY,F,1080,,,,2.5,Y,,,,,,,,,Y,,,,,,Yes,Y,Y,Y,Y,Y,Y,1,FULL,,,
"Sent to UMass, e vials to URI",1/14/26,25JH0191,Poplar Waterfowl,12/10/25,3D,2497-85480,MALL,AHY,F,1320,,,,3,Y,,,,,,,,,Y,,,,,,Yes,Y,Y,N,Y,N,Y,1,FULL,,,
"Sent to UMass, e vials to URI",1/14/26,25JH0192,Poplar Waterfowl,12/10/25,3D,2497-85481,ABDU,AHY,M,1260,,,,2.5,Y,,,,,,,,,Y,,,,,,Yes,Y,Y,Y,Y,N,Y,1,FULL,,,
"Sent to UMass, e vials to URI",1/14/26,25JH0193,Poplar Waterfowl,12/10/25,3D,2497-85482,ABDU,HY,F,1120,,,,2.5,Y,,,,,,,,,Y,,,,,,Yes,Y,Y,Y,Y,N,Y,1,FULL,,,
"Sent to UMass, e vials to URI",1/14/26,25JH0194,Poplar Waterfowl,12/10/25,3D,2117-04449,ABDU,AHY,F,1220,,,,2.5,Y,,,,,,,,,Y,,,,,,Yes,Y,Y,Y,Y,Y,Y,1,FULL,,,
"Sent to UMass, e vials to URI",1/14/26,25JH0195,Poplar Waterfowl,12/10/25,3D,2497-85483,ABDU,AHY,F,1220,,,,2,Y,,,,,,,,,Y,,,,,,Yes,Y,Y,Y,Y,N,Y,1,FULL,,,
"Sent to UMass, e vials to URI",1/14/26,25JH0196,Poplar Waterfowl,12/10/25,1B,2497-85484,MALL,AHY,M,1510,,,,4,Y,,,,,,,,,Y,,,,,,Yes,Y,Y,Y,Y,Y,Y,1,FULL,,,
"Sent to UMass, e vials to URI",1/14/26,25JH0197,Poplar Waterfowl,12/10/25,1B,2497-85485,MALL,AHY,M,1640,,,,4,Y,,,,,,,,,Y,,,,,,Yes,Y,Y,Y,Y,N,Y,1,FULL,,,
"Sent to UMass, e vials to URI",1/14/26,25JH0198,Poplar Waterfowl,12/10/25,1B,2497-85486,MALL,AHY,M,1320,,,,3,Y,,,,,,,,,Y,,,,,,Yes,Y,Y,Y,Y,Y,Y,1,FULL,,,
"Sent to UMass, e vials to URI",1/14/26,25JH0199,Poplar Waterfowl,12/10/25,1B,2497-85487,MALL,AHY,F,1540,,,,3,Y,,,,,,,,,Y,,,,,,Yes,Y,Y,N,Y,N,Y,1,FULL,,,
"Sent to UMass, e vials to URI",1/14/26,25JH0200,Poplar Waterfowl,12/10/25,5AB,2257-66817,MALL,AHY,M,1160,,,,3,Y,,,,,,,,,Y,,,,,323680 REWARD BAND,Yes,Y,Y,Y,Y,Y,Y,1,FULL,,,
"Sent to UMass, e vials to URI",1/14/26,25JH0201,Poplar Waterfowl,12/10/25,5AB,2497-85442,MALL,AHY,M,1380,,,,3,Y,,,,,,,,,Y,,,,,,Yes,Y,Y,Y,Y,Y,Y,1,FULL,,,
"Sent to UMass, e vials to URI",1/14/26,25JH0202,Poplar Waterfowl,12/10/25,5AB,2497-85443,MALL,AHY,M,1260,,,,3,Y,,,,,,,,,Y,,,,,,Yes,Y,Y,Y,Y,N,Y,1,FULL,,,
"Sent to UMass, e vials to URI",1/14/26,25JH0203,Poplar Waterfowl,12/10/25,5AB,2497-85444,MALL,AHY,M,1500,,,,3,Y,,,,,,,,,Y,,,,,,Yes,Y,Y,Y,Y,N,Y,1,FULL,,,
"Sent to UMass, e vials to URI",1/14/26,25JH0204,Poplar Waterfowl,12/10/25,5AB,2497-85445,MALL,AHY,M,1480,,,,3,Y,,,,,,,,,Y,,,,,,Yes,Y,Y,Y,Y,N,Y,1,FULL,,,
"Sent to UMass, e vials to URI",1/14/26,25JH0205,Poplar Waterfowl,12/10/25,5AB,2497-85446,MALL,AHY,M,1340,,,,3,Y,,,,,,,,,Y,,,,,,Yes,Y,Y,N,Y,N,Y,1,FULL,,,
"Sent to UMass, e vials to URI",1/14/26,25JH0206,Poplar Waterfowl,12/10/25,5AB,2497-85447,MALL,AHY,M,1180,,,,3,Y,,,,,,,,,Y,,,,,,Yes,Y,Y,Y,Y,N,Y,1,FULL,,,
"Sent to UMass, e vials to URI",1/14/26,25JH0207,Poplar Waterfowl,12/10/25,5AB,2497-85448,MALL,AHY,F,1120,,,,3,Y,,,,,,,,,Y,,,,,,Yes,Y,Y,Y,Y,N,Y,1,FULL,,,
"Sent to UMass, e vials to URI",1/14/26,25JH0208,Poplar Waterfowl,12/10/25,5AB,2497-85449,MALL,AHY,F,1000,,,,3,Y,,,,,,,,,Y,,,,,,Yes,Y,Y,Y,Y,Y,Y,1,FULL,,,
"Sent to UMass, e vials to URI",1/14/26,25JH0209,Poplar Waterfowl,12/10/25,5AB,2497-85450,MALL,HY,F,1120,,,,3,Y,,,,,,,,,Y,,,,,,Yes,Y,Y,N,Y,N,Y,1,FULL,,,
"Sent to UMass, e vials to URI",1/14/26,25JH0210,Poplar Waterfowl,12/10/25,5AB,2497-85451,MALL,AHY,F,1060,,,,3,Y,,,,,,,,,Y,,,,,,Yes,Y,Y,Y,Y,N,Y,1,FULL,,,
"Sent to UMass, e vials to URI",1/14/26,25JH0211,Poplar Waterfowl,12/10/25,5AB,2497-85452,MALL,AHY,F,1220,,,,3.5,Y,,,,,,,,,Y,,,,,,Yes,Y,Y,N,Y,N,Y,1,FULL,,,
"Sent to UMass, e vials to URI",1/14/26,25JH0212,Poplar Waterfowl,12/10/25,5AB,2497-85453,MALL,HY,M,1340,,,,3.5,Y,,,,,,,,,Y,,,,,,Yes,Y,Y,Y,Y,Y,Y,1,FULL,,,
"Sent to UMass, e vials to URI",1/14/26,25JH0213,Poplar Waterfowl,12/10/25,5AB,2497-85454,MALL,AHY,M,1220,,,,3,Y,,,,,,,,,Y,,,,,,Yes,Y,Y,Y,Y,Y,Y,1,FULL,,,
"Sent to UMass, e vials to URI",1/14/26,25JH0214,Poplar Waterfowl,12/10/25,5AB,2497-85455,MALL,AHY,M,1400,,,,3,Y,,,,,,,,,Y,,,,,,Yes,Y,Y,Y,Y,Y,Y,1,FULL,,,
"Sent to UMass, e vials to URI",1/14/26,25JH0215,Poplar Waterfowl,12/10/25,5AB,2497-85456,MALL,AHY,M,1240,,,,3,Y,,,,,,,,,Y,,,,,,Yes,Y,Y,N,Y,N,Y,1,FULL,,,
"Sent to UMass, e vials to URI",1/14/26,25JH0216,Poplar Waterfowl,12/10/25,5AB,2497-85457,MALL,AHY,M,1220,,,,3,Y,,,,,,,,,Y,,,,,,Yes,Y,Y,N,Y,N,Y,1,FULL,,,
"Sent to UMass, e vials to URI",1/14/26,25JH0217,Poplar Waterfowl,12/10/25,5AB,2497-85458,ABDU,AHY,M,1360,,,,3,Y,,,,,,,,,Y,,,,,,Yes,Y,Y,Y,Y,Y,Y,1,FULL,,,
"Sent to UMass, e vials to URI",1/14/26,25JH0218,Poplar Waterfowl,12/10/25,5AB,2497-85459,ABDU,AHY,M,1520,,,,3,Y,,,,,,,,,Y,,,,,,Yes,Y,Y,N,Y,N,Y,1,FULL,,,
"Sent to UMass, e vials to URI",1/14/26,25JH0219,Poplar Waterfowl,12/10/25,1B,2497-85488,MALL,AHY,F,1300,,,,3,Y,,,,,,,,,Y,,,,,,Yes,Y,Y,Y,Y,Y,Y,1,FULL,,,
"Sent to UMass, e vials to URI",1/14/26,25JH0220,Poplar Waterfowl,12/10/25,1B,2497-30860,MALL,AHY,M,1250,,,,3,Y,,,,,,,,,Y,,,,,,Yes,Y,Y,Y,Y,N,Y,1,FULL,,,
"Sent to UMass, e vials to URI",1/14/26,25JH0221,Poplar Waterfowl,12/11/25,3D,2497-85489,MALL,AHY,M,1450,,,,3,Y,,,,,,,,,Y,,,,,,Yes,Y,Y,Y,Y,N,Y,1,FULL,,,
"Sent to UMass, e vials to URI",1/14/26,25JH0222,Poplar Waterfowl,12/11/25,3D,2497-85490,MALL,AHY,M,1150,,,,2.5,Y,,,,,,,,,Y,,,,,,Yes,Y,Y,Y,Y,N,Y,1,FULL,,,
"Sent to UMass, e vials to URI",1/14/26,25JH0223,Poplar Waterfowl,12/11/25,3D,2497-85491,MALL,AHY,M,1200,,,,3,Y,,,,,,,,,Y,,,,,,Yes,Y,Y,Y,Y,N,Y,1,FULL,,,
"Sent to UMass, e vials to URI",1/14/26,25JH0224,Poplar Waterfowl,12/11/25,3D,2497-33230,MALL,HY,M,,,,,,Y,,,,,,,,,Y,,,,,,Yes,Y,Y,Y,Y,Y,Y,2,FULL,,,
"Sent to UMass, e vials to URI",1/14/26,25JH0225,Poplar Waterfowl,12/11/25,3D,2497-85492,MALL,AHY,M,1280,,,,3,Y,,,,,,,,,Y,,,,,,Yes,Y,Y,Y,Y,N,Y,1,FULL,,,
"Sent to UMass, e vials to URI",1/14/26,25JH0226,Poplar Waterfowl,12/11/25,3D,2497-85493,ABDU,HY,M,1240,,,,3,Y,,,,,,,,,Y,,,,,,Yes,Y,Y,N,Y,N,Y,1,FULL,,,
"Sent to UMass, e vials to URI",1/14/26,25JH0227,Poplar Waterfowl,12/11/25,3D,2497-85494,MALL,AHY,M,1280,,,,3,Y,,,,,,,,,Y,,,,,,Yes,Y,Y,Y,Y,N,Y,1,FULL,,,
"Sent to UMass, e vials to URI",1/14/26,25JH0228,Poplar Waterfowl,12/11/25,3D,2497-85495,MALL,HY,M,1080,,,,2,Y,,,,,,,,,Y,,,,,,Yes,Y,Y,Y,Y,Y,Y,1,FULL,,,
"Sent to UMass, e vials to URI",1/14/26,25JH0229,Poplar Waterfowl,12/11/25,3D,2497-85496,MALL,AHY,M,1280,,,,2.5,Y,,,,,,,,,Y,,,,,,Yes,Y,Y,Y,Y,N,Y,1,FULL,,,
"Sent to UMass, e vials to URI",1/14/26,25JH0230,Poplar Waterfowl,12/11/25,3D,2497-85497,MALL,AHY,M,1340,,,,2.5,Y,,,,,,,,,Y,,,,,,Yes,Y,Y,Y,Y,N,Y,1,FULL,,,
"Sent to UMass, e vials to URI",1/14/26,25JH0231,Poplar Waterfowl,12/11/25,3D,2497-85498,MALL,HY,M,1320,,,,2.5,Y,,,,,,,,,Y,,,,,,Yes,Y,Y,Y,Y,Y,Y,1,FULL,,,
"Sent to UMass, e vials to URI",1/14/26,25JH0232,Poplar Waterfowl,12/11/25,3D,2497-85499,MALL,AHY,M,1400,,,,3,Y,,,,,,,,,Y,,,,,,Yes,Y,Y,Y,Y,Y,Y,1,FULL,,,
"Sent to UMass, e vials to URI",1/14/26,25JH0233,Poplar Waterfowl,12/11/25,3D,2497-85500,MALL,AHY,F,1180,,,,2.5,Y,,,,,,,,,Y,,,,,,Yes,Y,Y,Y,Y,N,Y,1,FULL,,,
"Sent to UMass, e vials to URI",1/14/26,25JH0234,Poplar Waterfowl,12/11/25,3D,2497-85501,MALL,AHY,F,1160,,,,3,Y,,,,,,,,,Y,,,,,,Yes,Y,Y,Y,Y,N,Y,1,FULL,,,
"Sent to UMass, e vials to URI",1/14/26,25JH0235,Poplar Waterfowl,12/11/25,3D,2497-85502,ABDX,AHY,F,1300,,,,3,Y,,,,,,,,,Y,,,,,,Yes,Y,Y,N,Y,N,Y,1,FULL,,,
"Sent to UMass, e vials to URI",1/14/26,25JH0236,Poplar Waterfowl,12/11/25,3D,2497-85503,ABDU,HY,M,1380,,,,3,Y,,,,,,,,,Y,,,,,,Yes,Y,Y,Y,Y,Y,Y,1,FULL,,,
"Sent to UMass, e vials to URI",1/14/26,25JH0237,Poplar Waterfowl,12/11/25,3D,2497-85504,ABDU,HY,M,1200,,,,2.5,Y,,,,,,,,,Y,,,,,,Yes,Y,Y,Y,Y,Y,Y,1,FULL,,,
"Sent to UMass, e vials to URI",1/14/26,25JH0238,Poplar Waterfowl,12/11/25,3D,2497-85505,ABDU,HY,F,1180,,,,2.5,Y,,,,,,,,,Y,,,,,,Yes,Y,Y,Y,Y,Y,Y,1,FULL,,,
"Sent to UMass, e vials to URI",1/14/26,25JH0239,Poplar Waterfowl,12/11/25,3D,2497-85506,ABDU,AHY,M,1480,,,,3,Y,,,,,,,,,Y,,,,,,Yes,Y,Y,Y,Y,N,Y,1,FULL,,,
"Sent to UMass, e vials to URI",1/14/26,25JH0240,Poplar Waterfowl,12/11/25,5AB,2497-85339,ABDU,AHY,M,,,,,,Y,,,,,,,,,N,,,,,,Yes,Y,Y,N,Y,N,Y,2,PARTIAL,,,
"Sent to UMass, e vials to URI",1/14/26,25JH0241,Poplar Waterfowl,12/11/25,5AB,2497-85507,MALL,AHY,M,1380,,,,3,Y,,,,,,,,,Y,,,,,,Yes,Y,Y,Y,Y,N,Y,1,FULL,,,
"Sent to UMass, e vials to URI",1/14/26,25JH0242,Poplar Waterfowl,12/11/25,1B,2497-85508,MALL,AHY,M,1120,,,,3,Y,,,,,,,,,Y,,,,,,Yes,Y,Y,Y,Y,N,Y,1,FULL,,,
"Sent to UMass, e vials to URI",1/14/26,25JH0243,Poplar Waterfowl,12/11/25,1B,2497-85509,MALL,AHY,M,1280,,,,3,Y,,,,,,,,,Y,,,,,,Yes,Y,Y,Y,Y,Y,Y,1,FULL,,,
"Sent to UMass, e vials to URI",1/14/26,25JH0244,Poplar Waterfowl,12/11/25,1B,2497-85510,MALL,AHY,M,1420,,,,3,Y,,,,,,,,,Y,,,,,,Yes,Y,Y,Y,Y,Y,Y,1,FULL,,,
"Sent to UMass, e vials to URI",1/14/26,25JH0245,Poplar Waterfowl,12/11/25,1B,2497-85511,MALL,AHY,M,1260,,,,2.5,Y,,,,,,,,,Y,,,,,,Yes,Y,Y,Y,Y,N,Y,1,FULL,,,
"Sent to UMass, e vials to URI",1/14/26,25JH0246,Poplar Waterfowl,12/11/25,1B,2497-85512,ABDU,AHY,F,1040,,,,3,Y,,,,,,,,,Y,,,,,,Yes,Y,Y,Y,Y,N,Y,1,FULL,,,
"Sent to UMass, e vials to URI",1/14/26,25JH0247,Poplar Waterfowl,12/11/25,5AB,2497-85513,MALL,AHY,M,1380,,,,3,Y,,,,,,,,,Y,,,,,,Yes,Y,Y,N,Y,N,Y,1,FULL,,,
"Sent to UMass, e vials to URI",1/14/26,25JH0248,Poplar Waterfowl,12/11/25,5AB,2497-85514,MALL,AHY,F,960,,,,2.5,Y,,,,,,,,,Y,,,,,,Yes,Y,Y,Y,Y,Y,Y,1,FULL,,,
"Sent to UMass, e vials to URI",1/14/26,25JH0249,Poplar Waterfowl,12/11/25,5AB,2497-85515,ABDU,AHY,M,1540,,,,3,Y,,,,,,,,,Y,,,,,,Yes,Y,Y,Y,Y,Y,Y,1,FULL,,,
"Sent to UMass, e vials to URI",1/14/26,25JH0250,Poplar Waterfowl,12/11/25,5AB,2497-85516,MALL,AHY,M,1220,,,,3,Y,,,,,,,,,Y,,,,,,Yes,Y,Y,Y,Y,Y,Y,1,FULL,,,
"Sent to UMass, e vials to URI",1/14/26,25JH0251,Poplar Waterfowl,12/11/25,5AB,2497-85517,MALL,AHY,F,1120,,,,2.5,Y,,,,,,,,,Y,,,,,,Yes,Y,Y,N,Y,N,Y,1,FULL,,,
"Sent to UMass, e vials to URI",1/14/26,25JH0252,Poplar Waterfowl,12/11/25,5AB,2497-85518,MALL,AHY,M,1420,,,,3,Y,,,,,,,,,Y,,,,,,Yes,Y,Y,N,Y,N,Y,1,FULL,,,
"Sent to UMass, e vials to URI",1/14/26,25JH0253,Poplar Waterfowl,12/11/25,5AB,2497-85519,MALL,AHY,M,1260,,,,3,Y,,,,,,,,,Y,,,,,,Yes,Y,Y,N,Y,N,Y,1,FULL,,,
"Sent to UMass, e vials to URI",1/14/26,25JH0254,Poplar Waterfowl,12/11/25,5AB,2497-85520,ABDU,AHY,M,1320,,,,3,Y,,,,,,,,,Y,,,,,,Yes,Y,Y,Y,Y,N,Y,1,FULL,,,
"Sent to UMass, e vials to URI",1/14/26,25JH0255,Poplar Waterfowl,12/11/25,5AB,2497-85521,ABDX,AHY,F,1100,,,,3,Y,,,,,,,,,Y,,,,,,Yes,Y,Y,Y,Y,Y,Y,1,FULL,,,
"Sent to UMass, e vials to URI",1/14/26,25JH0256,Poplar Waterfowl,12/11/25,5AB,2497-85522,MALL,AHY,M,1440,,,,2.5,Y,,,,,,,,,Y,,,,,,Yes,Y,Y,N,Y,N,Y,1,FULL,,,
"Sent to UMass, e vials to URI",1/14/26,25JH0257,Poplar Waterfowl,12/17/25,5AB,2497-85523,MALL,AHY,M,1120,,,,2.5,Y,,,,,,,,,Y,,,,,,Yes,Y,Y,Y,Y,Y,Y,1,FULL,,,
"Sent to UMass, e vials to URI",1/14/26,25JH0258,Poplar Waterfowl,12/17/25,5AB,2497-85524,MALL,AHY,M,1350,,,,3.5,Y,,,,,,,,,Y,,,,,,Yes,Y,Y,Y,Y,Y,Y,1,FULL,,,
"Sent to UMass, e vials to URI",1/14/26,25JH0259,Poplar Waterfowl,12/17/25,5AB,2497-85525,MALL,AHY,F,1020,,,,2,Y,,,,,,,,,Y,,,,,,Yes,Y,Y,,Y,N,Y,1,FULL,,,
"Sent to UMass, e vials to URI",1/14/26,25JH0260,Poplar Waterfowl,12/17/25,5AB,2497-85526,MALL,AHY,M,1320,,,,3,Y,,,,,,,,,Y,,,,,,Yes,Y,Y,Y,Y,Y,Y,1,FULL,,,
"Sent to UMass, e vials to URI",1/14/26,25JH0261,Poplar Waterfowl,12/17/25,5AB,2497-85386,MALL,AHY,M,,,,,,Y,,,,,,,,,Y,,,,,,Yes,Y,Y,Y,Y,Y,Y,2,FULL,,,
"Sent to UMass, e vials to URI",1/14/26,25JH0262,Poplar Waterfowl,12/17/25,5AB,2497-85527,MALL,HY,F,980,,,,3,Y,,,,,,,,,Y,,,,,,Yes,Y,Y,Y,Y,Y,Y,1,FULL,,,
"Sent to UMass, e vials to URI",1/14/26,25JH0263,Poplar Waterfowl,12/17/25,5AB,2497-85528,MALL,AHY,F,880,,,,2,Y,,,,,,,,,Y,,,,,,Yes,Y,Y,Y,Y,Y,Y,1,FULL,,,
"Sent to UMass, e vials to URI",1/14/26,25JH0264,Poplar Waterfowl,12/17/25,5AB,2497-85529,MALL,AHY,M,1320,,,,2.5,Y,,,,,,,,,Y,,,,,,Yes,Y,Y,Y,Y,Y,Y,1,FULL,,,
"Sent to UMass, e vials to URI",1/14/26,25JH0265,Poplar Waterfowl,12/17/25,5AB,2497-85530,MALL,AHY,F,1120,,,,3,Y,,,,,,,,,Y,,,,,,Yes,Y,Y,Y,Y,Y,Y,1,FULL,,,
"Sent to UMass, e vials to URI",1/14/26,25JH0266,Poplar Waterfowl,12/17/25,5AB,2497-31445,MALL,AHY,M,1320,,,,3,Y,,,,,,,,,Y,,,,,,Yes,Y,Y,,Y,N,Y,1,FULL,,,
"Sent to UMass, e vials to URI",1/14/26,25JH0267,Poplar Waterfowl,12/17/25,5AB,2497-85531,ABDU,AHY,F,1300,,,,3,Y,,,,,,,,,Y,,,,,,Yes,Y,Y,Y,Y,Y,Y,1,FULL,,,
"Sent to UMass, e vials to URI",1/14/26,25JH0268,Poplar Waterfowl,12/17/25,5AB,2497-85532,MALL,AHY,M,1400,,,,3.5,Y,,,,,,,,,Y,,,,,,Yes,Y,Y,Y,Y,Y,Y,1,FULL,,,
"Sent to UMass, e vials to URI",1/14/26,25JH0269,Poplar Waterfowl,12/17/25,5AB,2497-85533,ABDU,AHY,M,1240,,,,3,Y,,,,,,,,,Y,,,,,,Yes,Y,Y,Y,Y,Y,Y,1,FULL,,,
"Sent to UMass, e vials to URI",1/14/26,25JH0270,Poplar Waterfowl,12/17/25,5AB,2497-85534,MALL,AHY,M,1180,,,,2.5,Y,,,,,,,,,Y,,,,,,Yes,Y,Y,Y,Y,Y,Y,1,FULL,,,
"Sent to UMass, e vials to URI",1/14/26,25JH0271,Poplar Waterfowl,12/17/25,5AB,2497-85535,ABDU,AHY,F,1040,,,,2.5,Y,,,,,,,,,Y,,,,,,Yes,Y,Y,Y,Y,Y,Y,1,FULL,,,
"Sent to UMass, e vials to URI",1/14/26,25JH0272,Poplar Waterfowl,12/17/25,5AB,2497-85536,MALL,AHY,M,1080,,,,2,Y,,,,,,,,,Y,,,,,,Yes,Y,Y,Y,Y,Y,Y,1,FULL,,,
"Sent to UMass, e vials to URI",1/14/26,25JH0273,Poplar Waterfowl,12/17/25,5AB,2497-85537,ABDU,AHY,F,1060,,,,3,Y,,,,,,,,,Y,,,,,,Yes,Y,Y,Y,Y,Y,Y,1,FULL,,,
"Sent to UMass, e vials to URI",1/14/26,25JH0274,Poplar Waterfowl,12/17/25,5AB,2497-85538,ABDU,HY,M,1240,,,,3,Y,,,,,,,,,Y,,,,,,Yes,Y,Y,Y,Y,Y,Y,1,FULL,,,
"Sent to UMass, e vials to URI",1/14/26,25JH0275,Poplar Waterfowl,12/17/25,5AB,2497-85539,MALL,AHY,M,1200,,,,2.5,Y,,,,,,,,,Y,,,,,,Yes,Y,Y,Y,Y,Y,Y,1,FULL,,,
"Sent to UMass, e vials to URI",1/14/26,25JH0276,Poplar Waterfowl,12/17/25,5AB,2497-85540,MALL,HY,F,880,,,,2,Y,,,,,,,,,Y,,,,,,Yes,Y,Y,Y,Y,Y,Y,1,FULL,,,
"Sent to UMass, e vials to URI",1/14/26,25JH0277,Poplar Waterfowl,12/17/25,5AB,2497-85541,MALL,HY,F,980,,,,2,Y,,,,,,,,,Y,,,,,,Yes,Y,Y,Y,Y,Y,Y,1,FULL,,,
"Sent to UMass, e vials to URI",1/14/26,25JH0278,Poplar Waterfowl,12/17/25,5AB,2497-85542,MALL,AHY,M,1150,,,,2.5,Y,,,,,,,,,Y,,,,,,Yes,Y,Y,Y,Y,Y,Y,1,FULL,,,
"Sent to UMass, e vials to URI",1/14/26,25JH0279,Poplar Waterfowl,12/17/25,5AB,2497-85543,MALL,HY,F,920,,,,2,Y,,,,,,,,,Y,,,,,,Yes,Y,Y,Y,Y,Y,Y,1,FULL,,,
"Sent to UMass, e vials to URI",1/14/26,25JH0280,Poplar Waterfowl,12/17/25,5AB,2497-85544,MALL,AHY,M,1300,,,,3,Y,,,,,,,,,Y,,,,,,Yes,Y,Y,Y,Y,Y,Y,1,FULL,,,
"Sent to UMass, e vials to URI",1/14/26,25JH0281,Poplar Waterfowl,12/17/25,5AB,2497-85545,MALL,AHY,M,1020,,,,2,Y,,,,,,,,,Y,,,,,,Yes,Y,Y,,Y,N,Y,1,FULL,,,
"Sent to UMass, e vials to URI",1/14/26,25JH0282,Poplar Waterfowl,12/17/25,5AB,2497-85546,ABDU,HY,F,940,,,,2,Y,,,,,,,,,Y,,,,,,Yes,Y,Y,Y,Y,Y,Y,1,FULL,,,
"Sent to UMass, e vials to URI",1/14/26,25JH0283,Poplar Waterfowl,12/17/25,5AB,2497-85547,ABDU,AHY,F,1020,,,,3,Y,,,,,,,,,Y,,,,,,Yes,Y,Y,Y,Y,Y,Y,1,FULL,,,
"Sent to UMass, e vials to URI",1/14/26,25JH0284,Poplar Waterfowl,12/17/25,7,2497-85338,MALL,HY,M,,,,,,Y,,,,,,,,,Y,,,,,,Yes,Y,Y,,Y,N,Y,2,FULL,,,
"Sent to UMass, e vials to URI",1/14/26,25JH0285,Poplar Waterfowl,12/17/25,7,2497-85548,MALL,AHY,M,1120,,,,3,Y,,,,,,,,,Y,,,,,,Yes,Y,Y,Y,Y,Y,Y,1,FULL,,,
"Sent to UMass, e vials to URI",1/14/26,25JH0286,Poplar Waterfowl,12/17/25,7,1165-75764,LESC,HY,M,490,,,,2,Y,,,,,,,,,Y,,,,,,Yes,Y,Y,,Y,N,Y,1,FULL,,,
"Sent to UMass, e vials to URI",1/14/26,25JH0287,Poplar Waterfowl,12/17/25,7,2497-85550,MALL,AHY,M,1220,,,,3,Y,,,,,,,,,Y,,,,,,Yes,Y,Y,,Y,N,Y,1,FULL,,,
"Sent to UMass, e vials to URI",1/14/26,25JH0288,Poplar Waterfowl,12/17/25,7,2497-85549,MALL,AHY,M,1250,,,,3,Y,,,,,,,,,Y,,,,,,Yes,Y,Y,Y,Y,Y,Y,1,FULL,,,
"Sent to UMass, e vials to URI",1/14/26,25JH0289,Poplar Waterfowl,12/17/25,7,2497-85551,MALL,AHY,M,1320,,,,2,Y,,,,,,,,,Y,,,,,,Yes,Y,Y,,Y,N,Y,1,FULL,,,
"Sent to UMass, e vials to URI",1/14/26,25JH0290,Poplar Waterfowl,12/17/25,7,2497-85552,MALL,AHY,M,1260,,,,3,Y,,,,,,,,,Y,,,,,,Yes,Y,Y,,Y,N,Y,1,FULL,,,
"Sent to UMass, e vials to URI",1/14/26,25JH0291,Poplar Waterfowl,12/17/25,7,2497-33024,MALL,AHY,M,1220,,,,3,Y,,,,,,,,,Y,,,,,,Yes,Y,Y,,Y,N,Y,1,FULL,11/20/24,,
"Sent to UMass, e vials to URI",1/14/26,25JH0292,Poplar Waterfowl,12/17/25,7,2497-85553,MALL,AHY,M,1400,,,,3.5,Y,,,,,,,,,Y,,,,,,Yes,Y,Y,Y,Y,Y,Y,1,FULL,,,
"Sent to UMass, e vials to URI",1/14/26,25JH0293,Poplar Waterfowl,12/17/25,7,2497-85554,MALL,AHY,F,1000,,,,2.5,Y,,,,,,,,,Y,,,,,,Yes,Y,Y,Y,Y,Y,Y,1,FULL,,,
"Sent to UMass, e vials to URI",1/14/26,25JH0294,Poplar Waterfowl,12/17/25,7,2497-85555,MALL,AHY,M,1520,,,,3,Y,,,,,,,,,Y,,,,,,Yes,Y,Y,,Y,N,Y,1,FULL,,,
"Sent to UMass, e vials to URI",1/14/26,25JH0295,Poplar Waterfowl,12/17/25,7,2497-33026,MALL,AHY,M,1260,,,,3,Y,,,,,,,,,Y,,,,,,Yes,Y,Y,Y,Y,Y,Y,1,FULL,11/20/24,,
"Sent to UMass, e vials to URI",1/14/26,25JH0296,Poplar Waterfowl,12/17/25,7,2497-85556,MALL,AHY,M,1200,,,,3,Y,,,,,,,,,Y,,,,,,Yes,Y,Y,,Y,N,Y,1,FULL,,,
"Sent to UMass, e vials to URI",1/14/26,25JH0297,Poplar Waterfowl,12/17/25,7,2497-85557,MALL,AHY,F,1280,,,,3,Y,,,,,,,,,Y,,,,,,Yes,Y,Y,,Y,N,Y,1,FULL,,,
"Sent to UMass, e vials to URI",1/14/26,25JH0298,Poplar Waterfowl,12/17/25,7,2497-33210,ABDU,HY,M,,,,,,Y,,,,,,,,,Y,,,,,,Yes,Y,Y,Y,Y,Y,Y,2,FULL,,,
"Sent to UMass, e vials to URI",1/14/26,25JH0299,Poplar Waterfowl,12/17/25,7,2497-85558,MALL,AHY,F,1350,,,,3,Y,,,,,,,,,Y,,,,,,Yes,Y,Y,Y,Y,Y,Y,1,FULL,,,
"Sent to UMass, e vials to URI",1/14/26,25JH0300,Poplar Waterfowl,12/17/25,7,2497-85559,MALL,AHY,F,860,,,,2,Y,,,,,,,,,Y,,,,,,Yes,Y,Y,Y,Y,Y,Y,1,FULL,,,
"Sent to UMass, e vials to URI",1/14/26,25JH0301,Poplar Waterfowl,12/17/25,7,2497-85560,ABDU,HY,F,1050,,,,2.5,Y,,,,,,,,,Y,,,,,,Yes,Y,Y,Y,Y,Y,Y,1,FULL,,,
"Sent to UMass, e vials to URI",1/14/26,25JH0302,Poplar Waterfowl,12/17/25,7,2497-85561,MALL,HY,F,1080,,,,3,Y,,,,,,,,,Y,,,,,,Yes,Y,Y,,Y,N,Y,1,FULL,,,
"Sent to UMass, e vials to URI",1/14/26,25JH0303,Poplar Waterfowl,12/17/25,7,2497-85563,ABDU,AHY,M,1180,,,,3,Y,,,,,,,,,Y,,,,,,Yes,Y,Y,Y,Y,Y,Y,1,FULL,,,
"Sent to UMass, e vials to URI",1/14/26,25JH0304,Poplar Waterfowl,12/17/25,7,2497-85562,ABDU,HY,M,760,,,,2,Y,,,,,,,,,Y,,,,,,Yes,Y,Y,Y,Y,Y,Y,1,FULL,,,
"Sent to UMass, e vials to URI",1/14/26,25JH0305,Poplar Waterfowl,12/17/25,7,2497-85564,ABDU,AHY,F,1040,,,,3,Y,,,,,,,,,Y,,,,,,Yes,Y,Y,Y,Y,Y,Y,1,FULL,,,
"Sent to UMass, e vials to URI",1/14/26,25JH0306,Poplar Waterfowl,12/17/25,7,2497-85565,MALL,AHY,M,1100,,,,2,Y,,,,,,,,,Y,,,,,,Yes,Y,Y,Y,Y,Y,Y,1,FULL,,,
"Sent to UMass, e vials to URI",1/14/26,25JH0307,Poplar Waterfowl,12/17/25,7,2497-85566,MALL,AHY,M,1200,,,,2,Y,,,,,,,,,Y,,,,,,Yes,Y,Y,Y,Y,Y,Y,1,FULL,,,
"Sent to UMass, e vials to URI",1/14/26,25JH0308,Poplar Waterfowl,12/17/25,7,2497-85567,MALL,AHY,F,870,,,,2,Y,,,,,,,,,Y,,,,,,Yes,Y,Y,,Y,N,Y,1,FULL,,,
"Sent to UMass, e vials to URI",1/14/26,25JH0309,Poplar Waterfowl,12/17/25,7,2497-85568,MALL,AHY,M,1040,,,,2.5,Y,,,,,,,,,Y,,,,,,Yes,Y,Y,Y,Y,Y,Y,1,FULL,,,
"Sent to UMass, e vials to URI",1/14/26,25JH0310,Poplar Waterfowl,12/17/25,7,2497-85375,MALL,AHY,M,,,,,,Y,,,,,,,,,Y,,,,,,Yes,Y,Y,Y,Y,Y,Y,2,FULL,,,
"Sent to UMass, e vials to URI",1/14/26,25JH0311,Poplar Waterfowl,12/17/25,7,2497-85570,MALL,HY,M,1150,,,,2.5,Y,,,,,,,,,Y,,,,,,Yes,Y,Y,Y,Y,Y,Y,1,FULL,,,
"Sent to UMass, e vials to URI",1/14/26,25JH0312,Poplar Waterfowl,12/17/25,7,2497-85569,MALL,AHY,M,1360,,,,3,Y,,,,,,,,,Y,,,,,,Yes,Y,Y,Y,Y,Y,Y,1,FULL,,,
"Sent to UMass, e vials to URI",1/14/26,25JH0313,Poplar Waterfowl,12/17/25,7,2497-85571,MALL,AHY,M,1120,,,,2,Y,,,,,,,,,Y,,,,,,Yes,Y,Y,Y,Y,Y,Y,1,FULL,,,
"Sent to UMass, e vials to URI",1/14/26,25JH0314,Poplar Waterfowl,12/17/25,7,2497-85572,MALL,HY,F,790,,,,2,Y,,,,,,,,,Y,,,,,,Yes,Y,Y,,Y,N,Y,1,FULL,,,
"Sent to UMass, e vials to URI",1/14/26,25JH0315,Poplar Waterfowl,12/17/25,7,2497-85573,MALL,AHY,F,1100,,,,3,Y,,,,,,,,,Y,,,,,,Yes,Y,Y,Y,Y,Y,Y,1,FULL,,,
"Sent to UMass, e vials to URI",1/14/26,25JH0316,Poplar Waterfowl,12/17/25,7,2497-85574,ABDX,AHY,M,1450,,,,3.5,Y,,,,,,,,,Y,,,,,,Yes,Y,Y,Y,Y,Y,Y,1,FULL,,,
"Sent to UMass, e vials to URI",1/14/26,25JH0317,Poplar Waterfowl,12/17/25,7,2497-85575,MALL,AHY,M,1240,,,,3,Y,,,,,,,,,Y,,,,,,Yes,Y,Y,Y,Y,Y,Y,1,FULL,,,
"Sent to UMass, e vials to URI",1/14/26,25JH0318,Poplar Waterfowl,12/17/25,7,2497-85576,MALL,HY,M,1240,,,,2.5,Y,,,,,,,,,Y,,,,,,Yes,Y,Y,,Y,N,Y,1,FULL,,,
"Sent to UMass, e vials to URI",1/14/26,25JH0319,Poplar Waterfowl,12/17/25,7,2497-85577,MALL,AHY,M,1140,,,,2,Y,,,,,,,,,Y,,,,,,Yes,Y,Y,Y,Y,Y,Y,1,FULL,,,
"Sent to UMass, e vials to URI",1/14/26,25JH0320,Poplar Waterfowl,12/17/25,7,2497-85578,MALL,AHY,M,1260,,,,3,Y,,,,,,,,,Y,,,,,,Yes,Y,Y,Y,Y,Y,Y,1,FULL,,,
"Sent to UMass, e vials to URI",1/14/26,25JH0322,Poplar Waterfowl,12/17/25,7,2497-85580,MALL,HY,F,960,,,,2,Y,,,,,,,,,Y,,,,,,Yes,Y,Y,Y,Y,Y,Y,1,FULL,,,
"Sent to UMass, e vials to URI",1/14/26,25JH0323,Poplar Waterfowl,12/17/25,7,2497-85581,MALL,HY,M,1300,,,,2.5,Y,,,,,,,,,Y,,,,,,Yes,Y,Y,Y,Y,Y,Y,1,FULL,,,
"Sent to UMass, e vials to URI",1/14/26,25JH0324,Poplar Waterfowl,12/17/25,1B,2497-85583,MALL,AHY,M,1180,,,,3,Y,,,,,,,,,Y,,,,,,Yes,Y,Y,Y,Y,Y,Y,1,FULL,,,
"Sent to UMass, e vials to URI",1/14/26,25JH0325,Poplar Waterfowl,12/17/25,1B,2497-85582,MALL,AHY,M,1200,,,,3,Y,,,,,,,,,Y,,,,,,Yes,Y,Y,,Y,N,Y,1,FULL,,,
"Sent to UMass, e vials to URI",1/14/26,25JH0326,Poplar Waterfowl,12/17/25,1B,2497-85584,MALL,AHY,M,1140,,,,3,Y,,,,,,,,,Y,,,,,,Yes,Y,Y,Y,Y,Y,Y,1,FULL,,,
"Sent to UMass, e vials to URI",1/14/26,25JH0327,Poplar Waterfowl,12/17/25,1B,2497-85586,MALL,HY,M,1440,,,,3,Y,,,,,,,,,Y,,,,,,Yes,Y,Y,Y,Y,Y,Y,1,FULL,,,
"Sent to UMass, e vials to URI",1/14/26,25JH0328,Poplar Waterfowl,12/17/25,1B,2497-85585,MALL,AHY,M,1280,,,,3.5,Y,,,,,,,,,Y,,,,,,Yes,Y,Y,Y,Y,Y,Y,1,FULL,,,
"Sent to UMass, e vials to URI",1/14/26,25JH0329,Poplar Waterfowl,12/17/25,1B,2497-31418,MALL,AHY,M,1340,,,,3,Y,,,,,,,,,Y,,,,,,Yes,Y,Y,Y,Y,Y,Y,1,FULL,,,
"Sent to UMass, e vials to URI",1/14/26,25JH0330,Poplar Waterfowl,12/17/25,1B,2497-85587,MALL,AHY,M,1180,,,,2.5,Y,,,,,,,,,Y,,,,,,Yes,Y,Y,Y,Y,Y,Y,1,FULL,,,
"Sent to UMass, e vials to URI",1/14/26,25JH0331,Poplar Waterfowl,12/17/25,1B,2497-85588,MALL,AHY,M,1100,,,,3,Y,,,,,,,,,Y,,,,,,Yes,Y,Y,Y,Y,Y,Y,1,FULL,,,
"Sent to UMass, e vials to URI",1/14/26,25JH0332,Poplar Waterfowl,12/17/25,1B,2497-85590,MALL,AHY,F,1020,,,,2.5,Y,,,,,,,,,Y,,,,,,Yes,Y,Y,Y,Y,Y,Y,1,FULL,,,
"Sent to UMass, e vials to URI",1/14/26,25JH0333,Poplar Waterfowl,12/17/25,1B,2497-85589,MALL,HY,M,1100,,,,2.5,Y,,,,,,,,,Y,,,,,,Yes,Y,Y,Y,Y,Y,Y,1,FULL,,,
"Sent to UMass, e vials to URI",1/14/26,25JH0334,Poplar Waterfowl,12/17/25,1B,2497-85592,MALL,AHY,F,950,272,54.3,47.9,2.5,Y,,,,,,,,,Y,,,,,,Yes,Y,Y,Y,Y,Y,Y,1,FULL,,,
"Sent to UMass, e vials to URI",1/14/26,25JH0335,Poplar Waterfowl,12/17/25,1B,2497-85591,ABDU,HY,F,940,249,52.2,43.9,3,Y,,,,,,,,,Y,,,,,,Yes,Y,Y,,Y,N,Y,1,FULL,,,
"Sent to UMass, e vials to URI",1/14/26,25JH0336,Poplar Waterfowl,12/17/25,1B,2497-31460,MALL,AHY,M,1050,285,57,47.4,2,Y,,,,,,,,,Y,,,,,,Yes,Y,Y,Y,Y,Y,Y,1,FULL,,,
"Sent to UMass, e vials to URI",1/14/26,25JH0337,Poplar Waterfowl,12/18/25,5AB,2497-85594,MALL,AHY,F,960,,,,2,Y,,,,,,,,,Y,,,,,,Yes,Y,Y,,Y,N,Y,1,FULL,,,
"Sent to UMass, e vials to URI",1/14/26,25JH0338,Poplar Waterfowl,12/18/25,5AB,2497-85593,MALL,AHY,F,1050,,,,2,Y,,,,,,,,,Y,,,,,,Yes,Y,Y,Y,Y,Y,Y,1,FULL,,,
"Sent to UMass, e vials to URI",1/14/26,25JH0339,Poplar Waterfowl,12/18/25,5AB,2497-85595,MALL,AHY,F,1020,,,,3,Y,,,,,,,,,Y,,,,,,Yes,Y,Y,Y,Y,Y,Y,1,FULL,,,
"Sent to UMass, e vials to URI",1/14/26,25JH0340,Poplar Waterfowl,12/18/25,5AB,2497-85596,MALL,AHY,M,1250,,,,3,Y,,,,,,,,,Y,,,,,EVIAL ONLY,Yes,Y,N,N,Y,N,Y,1,FULL,,,
"Sent to UMass, e vials to URI",1/14/26,25JH0341,Poplar Waterfowl,12/18/25,5AB,2497-85597,MALL,AHY,M,1380,,,,3.5,Y,,,,,,,,,Y,,,,,,Yes,Y,Y,Y,Y,Y,Y,1,FULL,,,
"Sent to UMass, e vials to URI",1/14/26,25JH0342,Poplar Waterfowl,12/18/25,5AB,2497-85598,MALL,AHY,M,1220,,,,3,Y,,,,,,,,,Y,,,,,,Yes,Y,Y,Y,Y,Y,Y,1,FULL,,,
"Sent to UMass, e vials to URI",1/14/26,25JH0343,Poplar Waterfowl,12/18/25,5AB,2497-85600,MALL,AHY,M,980,,,,2,Y,,,,,,,,,Y,,,,,,Yes,Y,Y,Y,Y,Y,Y,1,FULL,,,
"Sent to UMass, e vials to URI",1/14/26,25JH0344,Poplar Waterfowl,12/18/25,5AB,2497-85599,MALL,AHY,F,1060,,,,3,Y,,,,,,,,,Y,,,,,,Yes,Y,Y,Y,Y,Y,Y,1,FULL,,,
"Sent to UMass, e vials to URI",1/14/26,25JH0345,Poplar Waterfowl,12/18/25,5AB,2497-85601,MALL,AHY,M,1380,,,,4,Y,,,,,,,,,Y,,,,,,Yes,Y,Y,Y,Y,Y,Y,1,FULL,,,
"Sent to UMass, e vials to URI",1/14/26,25JH0346,Poplar Waterfowl,12/18/25,5AB,2497-85602,MALL,HY,M,1180,,,,2,Y,,,,,,,,,Y,,,,,,Yes,Y,Y,,Y,N,Y,1,FULL,,,
"Sent to UMass, e vials to URI",1/14/26,25JH0347,Poplar Waterfowl,12/18/25,5AB,2497-85603,ABDU,HY,M,1160,,,,2.5,Y,,,,,,,,,Y,,,,,,Yes,Y,Y,Y,Y,Y,Y,1,FULL,,,
"Sent to UMass, e vials to URI",1/14/26,25JH0348,Poplar Waterfowl,12/18/25,3D,2497-85606,MALL,AHY,M,1060,,,,3,Y,,,,,,,,,Y,,,,,,Yes,Y,Y,Y,Y,Y,Y,1,FULL,,,
"Sent to UMass, e vials to URI",1/14/26,25JH0349,Poplar Waterfowl,12/18/25,3D,2497-85605,MALL,AHY,M,1040,,,,2.5,Y,,,,,,,,,Y,,,,,,Yes,Y,Y,Y,Y,Y,Y,1,FULL,,,
"Sent to UMass, e vials to URI",1/14/26,25JH0350,Poplar Waterfowl,12/18/25,5AB,2497-85604,MALL,AHY,M,1180,,,,3,Y,,,,,,,,,Y,,,,,,Yes,Y,Y,Y,Y,Y,Y,1,FULL,,,
"Sent to UMass, e vials to URI",1/14/26,25JH0351,Poplar Waterfowl,12/18/25,3D,2497-85607,MALL,AHY,M,1220,,,,3,Y,,,,,,,,,Y,,,,,,Yes,Y,Y,Y,Y,Y,Y,1,FULL,,,
"Sent to UMass, e vials to URI",1/14/26,25JH0352,Poplar Waterfowl,12/18/25,3D,2497-85608,MALL,AHY,M,1200,,,,2,Y,,,,,,,,,Y,,,,,,Yes,Y,Y,,Y,N,Y,1,FULL,,,
"Sent to UMass, e vials to URI",1/14/26,25JH0353,Poplar Waterfowl,12/18/25,3D,2497-85609,MALL,AHY,M,1220,,,,2.5,Y,,,,,,,,,Y,,,,,FOOT NOT WEBBED?,Yes,Y,Y,Y,Y,Y,Y,1,FULL,,,
"Sent to UMass, e vials to URI",1/14/26,25JH0354,Poplar Waterfowl,12/18/25,3D,2497-85610,MALL,AHY,M,1060,,,,3,Y,,,,,,,,,Y,,,,,,Yes,Y,Y,Y,Y,Y,Y,1,FULL,,,
"Sent to UMass, e vials to URI",1/14/26,25JH0355,Poplar Waterfowl,12/18/25,3D,2497-85611,MALL,AHY,M,1180,,,,2,Y,,,,,,,,,Y,,,,,,Yes,Y,Y,Y,Y,Y,Y,1,FULL,,,
"Sent to UMass, e vials to URI",1/14/26,25JH0356,Poplar Waterfowl,12/18/25,3D,2227-24451,MALL,AHY,F,1000,,,,2,Y,,,,,,,,,Y,,,,,,Yes,Y,Y,Y,Y,Y,Y,1,FULL,11/7/24,,
"Sent to UMass, e vials to URI",1/14/26,25JH0357,Poplar Waterfowl,12/18/25,3D,2497-85612,MALL,AHY,F,1020,,,,2.5,Y,,,,,,,,,Y,,,,,,Yes,Y,Y,Y,Y,Y,Y,1,FULL,,,
"Sent to UMass, e vials to URI",1/14/26,25JH0358,Poplar Waterfowl,12/18/25,3D,2497-85613,MALL,AHY,F,1120,,,,3,Y,,,,,,,,,Y,,,,,,Yes,Y,Y,Y,Y,Y,Y,1,FULL,,,
"Sent to UMass, e vials to URI",1/14/26,25JH0359,Poplar Waterfowl,12/18/25,3D,2497-85615,ABDU,AHY,F,1200,,,,3,Y,,,,,,,,,Y,,,,,,Yes,Y,Y,Y,Y,Y,Y,1,FULL,,,
"Sent to UMass, e vials to URI",1/14/26,25JH0360,Poplar Waterfowl,12/18/25,3D,2497-85614,MALL,HY,F,940,,,,2,Y,,,,,,,,,Y,,,,,,Yes,Y,Y,Y,Y,Y,Y,1,FULL,,,
"Sent to UMass, e vials to URI",1/14/26,25JH0361,Poplar Waterfowl,12/18/25,3D,2497-85616,MALL,AHY,M,1200,,,,3,Y,,,,,,,,,Y,,,,,,Yes,Y,Y,Y,Y,Y,Y,1,FULL,,,
"Sent to UMass, e vials to URI",1/14/26,25JH0362,Poplar Waterfowl,12/18/25,3D,2497-85617,MALL,HY,M,1180,,,,2,Y,,,,,,,,,Y,,,,,,Yes,Y,Y,Y,Y,Y,Y,1,FULL,,,
"Sent to UMass, e vials to URI",1/14/26,25JH0363,Poplar Waterfowl,12/18/25,3D,2497-85618,MALL,AHY,M,1320,,,,3.5,Y,,,,,,,,,Y,,,,,,Yes,Y,Y,Y,Y,Y,Y,1,FULL,,,
"Sent to UMass, e vials to URI",1/14/26,25JH0364,Poplar Waterfowl,12/18/25,3D,2497-85619,MALL,AHY,M,1060,,,,3,Y,,,,,,,,,Y,,,,,,Yes,Y,Y,Y,Y,Y,Y,1,FULL,,,
"Sent to UMass, e vials to URI",1/14/26,25JH0365,Poplar Waterfowl,12/18/25,3D,2497-85620,MALL,HY,M,1120,,,,2.5,Y,,,,,,,,,Y,,,,,,Yes,Y,Y,Y,Y,Y,Y,1,FULL,,,
"Sent to UMass, e vials to URI",1/14/26,25JH0366,Poplar Waterfowl,12/18/25,3D,2497-85621,MALL,HY,M,1160,,,,3,Y,,,,,,,,,Y,,,,,,Yes,Y,Y,Y,Y,Y,Y,1,FULL,,,
"Sent to UMass, e vials to URI",1/14/26,25JH0367,Poplar Waterfowl,12/18/25,3D,2497-85622,MALL,AHY,F,1020,,,,3,Y,,,,,,,,,Y,,,,,,Yes,Y,Y,Y,Y,Y,Y,1,FULL,,,
"Sent to UMass, e vials to URI",1/14/26,25JH0368,Poplar Waterfowl,12/18/25,3D,2497-85623,MALL,HY,M,1300,,,,3,Y,,,,,,,,,Y,,,,,,Yes,Y,Y,Y,Y,Y,Y,1,FULL,,,
"Sent to UMass, e vials to URI",1/14/26,25JH0369,Poplar Waterfowl,12/18/25,7,2497-85626,ABDU,HY,M,1400,,,,2.5,Y,,,,,,,,,Y,,,,,,Yes,Y,Y,Y,Y,Y,Y,1,FULL,,,
"Sent to UMass, e vials to URI",1/14/26,25JH0370,Poplar Waterfowl,12/18/25,7,2497-85625,ABDU,AHY,M,1300,,,,2.5,Y,,,,,,,,,Y,,,,,,Yes,Y,Y,Y,Y,Y,Y,1,FULL,,,
"Sent to UMass, e vials to URI",1/14/26,25JH0371,Poplar Waterfowl,12/18/25,7,2497-85624,MALL,AHY,F,1050,,,,3,Y,,,,,,,,,Y,,,,,,Yes,Y,Y,Y,Y,Y,Y,1,FULL,,,
"Sent to UMass, e vials to URI",1/14/26,25JH0372,Poplar Waterfowl,12/18/25,1B,2497-85331,MALL,AHY,M,,,,,,Y,,,,,,,,,Y,,,,,,Yes,Y,Y,,Y,N,Y,2,FULL,,,
"Sent to UMass, e vials to URI",1/14/26,25JH0373,Poplar Waterfowl,12/18/25,1B,2497-33135,MALL,AHY,F,1140,,,,3,Y,,,,,,,,,Y,,,,,,Yes,Y,Y,Y,Y,Y,Y,1,FULL,"2/5/25, 12/11/24",,
"Sent to UMass, e vials to URI",1/14/26,25JH0374,Poplar Waterfowl,12/18/25,1B,2497-85627,MALL,AHY,M,1250,,,,3,Y,,,,,,,,,Y,,,,,,Yes,Y,Y,Y,Y,Y,Y,1,FULL,,,
"Sent to UMass, e vials to URI",1/14/26,25JH0375,Poplar Waterfowl,12/18/25,1B,2257-85620,MALL,AHY,F,1020,,,,3,Y,,,,,,,,,Y,,,,,,Yes,Y,Y,Y,Y,Y,Y,1,FULL,,,
"Sent to UMass, e vials to URI",1/14/26,25JH0376,Poplar Waterfowl,12/18/25,1B,2497-85628,MALL,AHY,M,1100,,,,3,Y,,,,,,,,,Y,,,,,,Yes,Y,Y,Y,Y,Y,Y,1,FULL,,,
"Sent to UMass, e vials to URI",1/14/26,25JH0377,Poplar Waterfowl,12/18/25,1B,2497-85629,MALL,AHY,M,1000,,,,3,Y,,,,,,,,,Y,,,,,,Yes,Y,Y,Y,Y,Y,Y,1,FULL,,,
"Sent to UMass, e vials to URI",1/14/26,25JH0378,Poplar Waterfowl,12/18/25,1B,2497-85630,ABDU,AHY,F,950,,,,2,Y,,,,,,,,,Y,,,,,,Yes,Y,Y,,Y,N,Y,1,FULL,,,
"Sent to UMass, e vials to URI",1/14/26,25JH0379,Poplar Waterfowl,12/18/25,1B,2497-85631,MALL,AHY,F,1050,,,,2,Y,,,,,,,,,Y,,,,,,Yes,Y,Y,,Y,N,Y,1,FULL,,,
"Sent to UMass, e vials to URI",1/14/26,25JH0380,Poplar Waterfowl,12/18/25,1B,2497-85632,MALL,AHY,F,975,,,,2.5,Y,,,,,,,,,Y,,,,,,Yes,Y,Y,Y,Y,Y,Y,1,FULL,,,
"Sent to UMass, e vials to URI",1/14/26,25JH0381,Poplar Waterfowl,12/18/25,1B,2497-85633,ABDU,AHY,M,1250,,,,4,Y,,,,,,,,,Y,,,,,,Yes,Y,Y,Y,Y,Y,Y,1,FULL,,,
"Sent to UMass, e vials to URI",1/14/26,MDP416,Poplar Waterfowl,11/20/25,7,2497-33206,MALL,HY,M,1180,279,54.3,44.6,2,Y,,,,,,,,,Y,,,,,,Yes,Y,Y,Y,Y,Y,Y,1,FULL,,,
"Sent to UMass, e vials to URI",1/14/26,MDP417,Poplar Waterfowl,11/20/25,7,2497-33015,MALL,AHY,F,1190,265,51.1,44.7,3,Y,,,,,,,,,Y,,,,,EVIAL ONLY,Yes,Y,N,N,Y,N,N,1,FULL,"3/11/25, 11/20/24",,
"Sent to UMass, e vials to URI",1/14/26,MDP418,Poplar Waterfowl,11/20/25,7,2497-33207,MALL,AHY,M,1120,283,54,45.4,3,Y,,,,,,,,,Y,,,,,,Yes,Y,Y,Y,Y,Y,Y,1,FULL,,,
"Sent to UMass, e vials to URI",1/14/26,MDP419,Poplar Waterfowl,11/20/25,7,2497-33208,MALL,AHY,F,1060,261,49.7,44.4,2,Y,,,,,,,,,Y,,,,,,Yes,Y,Y,Y,Y,Y,Y,1,FULL,,,
"Sent to UMass, e vials to URI",1/14/26,MDP420,Poplar Waterfowl,11/20/25,7,1165-76716,NSHO,AHY,M,480,247,65,38.6,2,Y,,,,,,,,,Y,,,,,,Yes,Y,Y,Y,Y,Y,Y,1,FULL,,,
"Sent to UMass, e vials to URI",1/14/26,MDP421,Poplar Waterfowl,11/20/25,7,1165-75760,NSHO,AHY,M,520,242,67.7,39.5,3,Y,,,,,,,,,Y,,,,,,Yes,Y,Y,Y,Y,Y,Y,1,FULL,,,
"Sent to UMass, e vials to URI",1/14/26,MDP422,Poplar Waterfowl,11/20/25,3D,2497-33209,MALL,HY,F,1000,273,48.3,43.8,2,Y,,,,,,,,,Y,,,,,,Yes,Y,Y,Y,Y,Y,Y,1,FULL,,,
"Sent to UMass, e vials to URI",1/14/26,MDP424,Poplar Waterfowl,11/21/25,1B,2497-23135,MALL,AHY,F,1160,268,52.6,46,3,Y,,,,,,,,,Y,,,,,,Yes,Y,Y,Y,Y,Y,Y,1,FULL,,,
"Sent to UMass, e vials to URI",1/14/26,MDP425,Poplar Waterfowl,11/21/25,1B,2497-33211,MALL,AHY,F,1150,278,51.1,48.4,3,Y,,,,,,,,,Y,,,,,,Yes,Y,Y,Y,Y,Y,Y,1,FULL,,,
"Sent to UMass, e vials to URI",1/14/26,MDP426,Poplar Waterfowl,11/21/25,1B,2497-33212,MALL,AHY,F,1640,250,54.7,43.5,3,Y,,,,,,,,,Y,,,,,,Yes,Y,Y,Y,Y,Y,Y,1,FULL,,,
"Sent to UMass, e vials to URI",1/14/26,MDP427,Poplar Waterfowl,11/21/25,1B,2497-33213,MALL,AHY,F,1020,259,50,44.1,3,Y,,,,,,,,,Y,,,,,,Yes,Y,Y,Y,Y,Y,Y,1,FULL,,,
"Sent to UMass, e vials to URI",1/14/26,MDP428,Poplar Waterfowl,11/21/25,1B,2497-33214,MALL,AHY,M,1100,291,54,48.8,3,Y,,,,,,,,,Y,,,,,,Yes,Y,Y,Y,Y,Y,Y,1,FULL,,,
"Sent to UMass, e vials to URI",1/14/26,MDP429,Poplar Waterfowl,11/21/25,1B,2497-33215,MALL,HY,M,1120,265,50.9,47.3,2.5,Y,,,,,,,,,Y,,,,,,Yes,Y,Y,Y,Y,Y,Y,1,FULL,,,
"Sent to UMass, e vials to URI",1/14/26,MDP430,Poplar Waterfowl,11/21/25,1B,2497-33216,MALL,AHY,M,1400,295,53.1,46.8,3.5,Y,,,,,,,,,Y,,,,,,Yes,Y,Y,Y,Y,Y,Y,1,FULL,,,
"Sent to UMass, e vials to URI",1/14/26,MDP431,Poplar Waterfowl,11/21/25,1B,2497-33217,MALL,AHY,M,1390,292,57,48.9,3,Y,,,,,,,,,Y,,,,,,Yes,Y,Y,Y,Y,Y,Y,1,FULL,,,
"Sent to UMass, e vials to URI",1/14/26,MDP432,Poplar Waterfowl,11/21/25,1B,2497-33218,MALL,HY,M,1150,260,55,45.4,2,Y,,,,,,,,,Y,,,,,,Yes,Y,Y,Y,Y,Y,Y,1,FULL,,,
"Sent to UMass, e vials to URI",1/14/26,MDP434,Poplar Waterfowl,11/21/25,1B,2497-33220,MALL,AHY,M,1360,289,58,47.3,4,Y,,,,,,,,,Y,,,,,,Yes,Y,Y,Y,Y,Y,Y,1,FULL,,,
"Sent to UMass, e vials to URI",1/14/26,MDP435,Poplar Waterfowl,11/21/25,1B,2497-33221,MALL,AHY,M,1260,280,55.5,47.8,4,Y,,,,,,,,,Y,,,,,,Yes,Y,Y,Y,Y,Y,Y,1,FULL,,,
"Sent to UMass, e vials to URI",1/14/26,MDP436,Poplar Waterfowl,11/21/25,1B,2497-33222,MALL,AHY,M,1400,280,53.7,50,3,Y,,,,,,,,,Y,,,,,,Yes,Y,Y,Y,Y,Y,Y,1,FULL,,,
"Sent to UMass, e vials to URI",1/14/26,MDP437,Poplar Waterfowl,11/21/25,1B,2497-33223,MALL,AHY,M,1180,277,54.6,49.9,3,Y,,,,,,,,,Y,,,,,,Yes,Y,Y,Y,Y,Y,Y,1,FULL,,,
"Sent to UMass, e vials to URI",1/14/26,MDP438,Poplar Waterfowl,11/21/25,1B,2227-24568,MALL,AHY,M,1140,280,55.6,46.4,3,Y,,,,,,,,,Y,,,,,,Yes,Y,Y,Y,Y,Y,Y,1,FULL,,,
"Sent to UMass, e vials to URI",1/14/26,MDP440,Poplar Waterfowl,11/21/25,1B,2497-33225,MALX,AHY,M,1100,278,52.7,46.2,3,Y,,,,,,,,,Y,,,,,,Yes,Y,Y,Y,Y,Y,Y,1,FULL,,,
"Sent to UMass, e vials to URI",1/14/26,MDP441,Poplar Waterfowl,11/21/25,1B,2497-33226,ABDX,AHY,M,1320,271,56.5,48.4,3,Y,,,,,,,,,Y,,,,,,Yes,Y,Y,Y,Y,Y,Y,1,FULL,,,
"Sent to UMass, e vials to URI",1/14/26,MDP442,Poplar Waterfowl,11/21/25,1B,2227-24587,ABDX,AHY,M,1100,287,52.5,49.8,2,Y,,,,,,,,,Y,,,,,,Yes,Y,Y,N,Y,N,Y,1,FULL,,,
"Sent to UMass, e vials to URI",1/14/26,MDP443,Poplar Waterfowl,11/21/25,1B,2227-24538,ABDU,AHY,F,1110,271,51.1,46.9,3,Y,,,,,,,,,Y,,,,,,Yes,Y,Y,Y,Y,Y,Y,1,FULL,11/14/24,,
"Sent to UMass, e vials to URI",1/14/26,MDP444,Poplar Waterfowl,11/21/25,1B,2497-33227,MALX,AHY,F,1230,275,56.2,46.8,2,Y,,,,,,,,,Y,,,,,,Yes,Y,Y,Y,Y,Y,Y,1,FULL,,,
"Sent to UMass, e vials to URI",1/14/26,MDP445,Poplar Waterfowl,11/21/25,3D,2497-33228,MALL,AHY,M,1020,277,55.8,45.9,2,Y,,,,,,,,,Y,,,,,,Yes,Y,Y,Y,Y,Y,Y,1,FULL,,,
"Sent to UMass, e vials to URI",1/14/26,MDP446,Poplar Waterfowl,11/21/25,3D,2497-33229,ABDU,HY,F,760,255,50.5,47.1,2,Y,,,,,,,,,Y,,,,,,Yes,Y,Y,Y,Y,Y,Y,1,FULL,,,
"Sent to UMass, e vials to URI",1/14/26,MDP447,Poplar Waterfowl,11/25/25,7,1165-75761,NSHO,AHY,M,560,247,64,38.2,3,Y,,,,,,,,,Y,,,,,,Yes,Y,Y,Y,Y,Y,Y,1,FULL,,,
"Sent to UMass, e vials to URI",1/14/26,MDP449,Poplar Waterfowl,11/25/25,7,2497-33230,MALL,AHY,M,1140,266,54.6,44.9,2.5,Y,,,,,,,,,Y,,,,,,Yes,Y,Y,Y,Y,Y,Y,1,FULL,,,
"Sent to UMass, e vials to URI",1/14/26,MDP450,Poplar Waterfowl,11/25/25,7,2497-33221,MALL,AHY,M,,,,,,N,,,,,,,,,Y,,,,,Bled twice,Yes,N,Y,Y,Y,Y,Y,2,PARTIAL,,,
"Sent to UMass, e vials to URI",1/14/26,MDP451,Poplar Waterfowl,11/25/25,7,2497-33231,MALL,AHY,M,1050,277,52.6,44.9,2.5,Y,,,,,,,,,Y,,,,,,Yes,Y,Y,Y,Y,Y,Y,1,FULL,,,
"Sent to UMass, e vials to URI",1/14/26,MDP452,Poplar Waterfowl,11/25/25,7,2497-33232,MALL,AHY,M,1060,291,53,45.3,3,Y,,,,,,,,,Y,,,,,,Yes,Y,Y,Y,Y,Y,Y,1,FULL,,,
"Sent to UMass, e vials to URI",1/14/26,MDP453,Poplar Waterfowl,11/25/25,7,2497-33233,MALL,AHY,M,1160,295,53.3,42.5,3,Y,,,,,,,,,Y,,,,,EVIAL ONLY,Yes,Y,N,N,Y,N,N,1,FULL,,,
"Sent to UMass, e vials to URI",1/14/26,MDP454,Poplar Waterfowl,11/25/25,7,2497-33234,MALL,AHY,M,1280,299,55.1,46.4,3,Y,,,,,,,,,Y,,,,,,Yes,Y,Y,Y,Y,Y,N,1,FULL,,,
"Sent to UMass, e vials to URI",1/14/26,MDP457,Poplar Waterfowl,11/25/25,7,2497-33237,MALL,AHY,M,1100,285,57.8,45.5,2.5,Y,,,,,,,,,Y,,,,,,Yes,Y,Y,Y,Y,Y,Y,1,FULL,,,
"Sent to UMass, e vials to URI",1/14/26,MDP458,Poplar Waterfowl,11/25/25,7,2497-33238,MALL,AHY,F,990,275,55.2,46.8,2,Y,,,,,,,,,Y,,,,,,Yes,Y,Y,Y,Y,Y,Y,1,FULL,,,
"Sent to UMass, e vials to URI",1/14/26,MDP461,Poplar Waterfowl,11/25/25,7,2497-33241,MALL,AHY,M,1350,297,53.8,44,3.5,Y,,,,,,,,,Y,,,,,,Yes,Y,Y,Y,Y,Y,Y,1,FULL,,,
"Sent to UMass, e vials to URI",1/14/26,MDP462,Poplar Waterfowl,11/25/25,7,N/A,MALL,AHY,F,1200,260,52.8,44.5,-,Y,,,,,,,,,Y,,,,,"MORTALITY IN TRAP, NOT BANDED, EVIAL ONLY. STRANGE GROWTH IN BODY CAVITY, SJD HAS PICS",Yes,Y,Y,Y,Y,N,N,1,FULL,,,
"Sent to UMass, e vials to URI",1/14/26,MDP463,Poplar Waterfowl,11/25/25,7,2497-33242,MALL,AHY,M,1150,283,56.2,46.8,3,Y,,,,,,,,,Y,,,,,,Yes,Y,Y,Y,Y,Y,Y,1,FULL,,,
"Sent to UMass, e vials to URI",1/14/26,MDP465,Poplar Waterfowl,11/25/25,7,2497-33244,MALL,HY,M,1180,268,55.5,46.5,3,Y,,,,,,,,,Y,,,,,,Yes,Y,Y,Y,Y,Y,Y,1,FULL,,,
"Sent to UMass, e vials to URI",1/14/26,MDP466,Poplar Waterfowl,11/25/25,7,2227-24515,ABDU,AHY,M,1350,280,57,46.9,3,Y,,,,,,,,,Y,,,,,,Yes,Y,Y,Y,Y,Y,Y,1,FULL,11/14/24,,
"Sent to UMass, e vials to URI",1/14/26,MDP467,Poplar Waterfowl,11/25/25,7,2497-33245,ABDU,HY,F,1120,270,48.5,45.3,2,Y,,,,,,,,,Y,,,,,,Yes,Y,Y,Y,Y,Y,Y,1,FULL,,,
"Sent to UMass, e vials to URI",1/14/26,MDP468,Poplar Waterfowl,11/25/25,7,2497-33246,ABDU,AHY,M,1350,287,55.6,46.1,3,Y,,,,,,,,,Y,,,,,EVIAL ONLY,Yes,Y,N,N,Y,N,N,1,FULL,,,
"Sent to UMass, e vials to URI",1/14/26,MDP469,Poplar Waterfowl,11/25/25,7,2497-33247,ABDX,HY,F,1050,264,50.9,45.6,3,Y,,,,,,,,,Y,,,,,,Yes,Y,Y,Y,Y,Y,Y,1,FULL,,,
"Sent to UMass, e vials to URI",1/14/26,MDP470,Poplar Waterfowl,11/25/25,7,2497-33248,ABDU,AHY,F,1300,282,53.2,46.2,3,Y,,,,,,,,,Y,,,,,,Yes,Y,Y,Y,Y,Y,Y,1,FULL,,,
"Sent to UMass, e vials to URI",1/14/26,MDP471,Poplar Waterfowl,11/25/25,7,2497-33249,ABDX,AHY,M,1050,272,53.1,46.9,3,Y,,,,,,,,,Y,,,,,,Yes,Y,Y,Y,Y,Y,Y,1,FULL,,,
"Sent to UMass, e vials to URI",1/14/26,MDP472,Poplar Waterfowl,11/25/25,7,2497-33250,ABDX,HY,F,1000,265,50.6,43.8,3,Y,,,,,,,,,Y,,,,,,Yes,Y,Y,Y,Y,Y,Y,1,FULL,,,
"Sent to UMass, e vials to URI",1/14/26,MDP473,Poplar Waterfowl,11/25/25,7,2497-33251,ABDX,HY,M,1120,278,53.1,46.2,2,Y,,,,,,,,,Y,,,,,,Yes,Y,Y,Y,Y,Y,Y,1,FULL,,,
"Sent to UMass, e vials to URI",1/14/26,MDP474,Poplar Waterfowl,11/25/25,1B,2497-33102,ABDX,AHY,M,1450,292,53.7,44.6,3,Y,,,,,,,,,Y,,,,,,Yes,Y,Y,Y,Y,Y,Y,1,FULL,12/10/24,,
"Sent to UMass, e vials to URI",1/14/26,MDP475,Poplar Waterfowl,11/25/25,1B,2497-33252,ABDX,AHY,M,1150,294,54.6,47,3.5,Y,,,,,,,,,Y,,,,,,Yes,Y,Y,Y,Y,Y,Y,1,FULL,,,
"Sent to UMass, e vials to URI",1/14/26,MDP476,Poplar Waterfowl,11/25/25,1B,2227-24516,MALL,AHY,M,1250,290,54.1,44.8,3,Y,,,,,,,,,Y,,,,,,Yes,Y,Y,Y,Y,N,Y,1,FULL,"2/20/25, 11/14/25",,
"Sent to UMass, e vials to URI",1/14/26,MDP477,Poplar Waterfowl,11/25/25,1B,2497-33253,ABDU,AHY,F,1150,268,53.2,45.9,3,Y,,,,,,,,,Y,,,,,,Yes,Y,Y,Y,Y,Y,Y,1,FULL,,,
"Sent to UMass, e vials to URI",1/14/26,MDP478,Poplar Waterfowl,11/25/25,1B,2497-33255,MALL,AHY,M,1200,284,54.9,43.7,3,Y,,,,,,,,,Y,,,,,,Yes,Y,Y,N,Y,N,Y,1,FULL,,,
"Sent to UMass, e vials to URI",1/14/26,MDP479,Poplar Waterfowl,11/25/25,1B,2497-33254,MALL,AHY,M,1300,284,53.8,45.1,3,Y,,,,,,,,,Y,,,,,,Yes,Y,Y,N,Y,N,Y,1,FULL,,,
"Sent to UMass, e vials to URI",1/14/26,MDP480,Poplar Waterfowl,11/25/25,1B,2497-33257,MALL,AHY,M,1250,283,50.8,46.7,2,Y,,,,,,,,,Y,,,,,,Yes,Y,Y,Y,Y,N,Y,1,FULL,,,
"Sent to UMass, e vials to URI",1/14/26,MDP481,Poplar Waterfowl,11/25/25,1B,2497-33256,MALL,AHY,M,1100,290,53.5,43.5,2.5,Y,,,,,,,,,Y,,,,,,Yes,Y,Y,Y,Y,Y,Y,1,FULL,,,
"Sent to UMass, e vials to URI",1/14/26,MDP482,Poplar Waterfowl,11/25/25,1B,2497-33087,MALL,AHY,M,1250,286,57,48.2,3,Y,,,,,,,,,Y,,,,,,Yes,Y,Y,Y,Y,Y,Y,1,FULL,12/10/24,,
"Sent to UMass, e vials to URI",1/14/26,MDP483,Poplar Waterfowl,11/25/25,1B,2497-33258,ABDX,AHY,M,1440,292,56.3,47.1,3,Y,,,,,,,,,Y,,,,,,Yes,Y,Y,Y,Y,N,Y,1,FULL,,,
"Sent to UMass, e vials to URI",1/14/26,MDP484,Poplar Waterfowl,11/25/25,1B,2497-33259,MALL,AHY,M,1150,280,54.3,50.9,3,Y,,,,,,,,,Y,,,,,,Yes,Y,Y,Y,Y,N,Y,1,FULL,,,
"Sent to UMass, e vials to URI",1/14/26,MDP485,Poplar Waterfowl,11/25/25,1B,2497-33260,MALL,AHY,F,1240,278,52.8,47,3,Y,,,,,,,,,Y,,,,,,Yes,Y,Y,Y,Y,Y,Y,1,FULL,,,
"Sent to UMass, e vials to URI",1/14/26,MDP486,Poplar Waterfowl,11/25/25,1B,2497-33261,MALL,AHY,M,1425,281,55,47.5,3,Y,,,,,,,,,Y,,,,,,Yes,Y,Y,Y,Y,Y,Y,1,FULL,,,
"Sent to UMass, e vials to URI",1/14/26,MDP487,Poplar Waterfowl,11/25/25,1B,2497-33262,MALL,AHY,F,1160,265,49.9,43.9,3.5,Y,,,,,,,,,Y,,,,,,Yes,Y,Y,Y,Y,Y,Y,1,FULL,,,
"Sent to UMass, e vials to URI",1/14/26,MDP488,Poplar Waterfowl,11/25/25,1B,2497-33263,MALL,AHY,F,1000,256,52.7,40.3,3,Y,,,,,,,,,Y,,,,,,Yes,Y,Y,Y,Y,Y,Y,1,FULL,,,
"Sent to UMass, e vials to URI",1/14/26,MDP489,Poplar Waterfowl,11/25/25,1B,2497-33264,MALL,AHY,F,980,274,51.5,44.1,2,Y,,,,,,,,,N,,,,,,Yes,Y,N,N,Y,N,Y,1,PARTIAL,,,
"Sent to UMass, e vials to URI",1/14/26,MDP490,Poplar Waterfowl,11/25/25,5AB,2497-33266,MALL,AHY,M,1340,298,54.4,47.5,3.5,Y,,,,,,,,,Y,,,,,,Yes,Y,Y,Y,Y,Y,Y,1,FULL,,,
"Sent to UMass, e vials to URI",1/14/26,MDP491,Poplar Waterfowl,11/25/25,5AB,2497-33265,MALL,AHY,M,1150,277,54.9,43.7,3,Y,,,,,,,,,Y,,,,,,Yes,Y,Y,Y,Y,N,Y,1,FULL,,,
"Sent to UMass, e vials to URI",1/14/26,MDP492,Poplar Waterfowl,11/25/25,5AB,2497-33267,MALL,AHY,M,,,,,,Y,,,,,,,,,Y,,,,,,Yes,Y,Y,Y,Y,Y,Y,1,FULL,,,
"Sent to UMass, e vials to URI",1/14/26,MDP493,Poplar Waterfowl,11/25/25,5AB,2497-33268,MALL,AHY,M,1300,289,54.3,49.3,3.5,Y,,,,,,,,,Y,,,,,,Yes,Y,Y,Y,Y,Y,Y,1,FULL,,,
"Sent to UMass, e vials to URI",1/14/26,MDP494,Poplar Waterfowl,11/25/25,5AB,2497-33270,MALL,AHY,M,1200,279,60.7,48.5,3,Y,,,,,,,,,Y,,,,,"Band replaced, GIVEN TO BBLFOR ETCHING (2117-3xx82)",Yes,Y,Y,Y,Y,Y,Y,1,FULL,,,
"Sent to UMass, e vials to URI",1/14/26,MDP495,Poplar Waterfowl,11/25/25,5AB,2497-33269,MALL,AHY,M,1250,282,56.7,46.8,3,Y,,,,,,,,,Y,,,,,,Yes,Y,Y,Y,Y,Y,Y,1,FULL,,,
"Sent to UMass, e vials to URI",1/14/26,MDP496,Poplar Waterfowl,11/25/25,5AB,2497-33271,MALL,AHY,M,1150,281,54.2,44.4,3,Y,,,,,,,,,Y,,,,,,Yes,Y,Y,Y,Y,Y,Y,1,FULL,,,
"Sent to UMass, e vials to URI",1/14/26,MDP497,Poplar Waterfowl,11/25/25,5AB,2497-33272,MALL,AHY,M,1490,293,56.5,48.3,4,Y,,,,,,,,,Y,,,,,,Yes,Y,Y,Y,Y,Y,Y,1,FULL,,,
"Sent to UMass, e vials to URI",1/14/26,MDP498,Poplar Waterfowl,11/25/25,5AB,2497-33273,MALL,AHY,M,1350,270,56.2,48.3,3.5,Y,,,,,,,,,Y,,,,,,Yes,Y,Y,Y,Y,Y,Y,1,FULL,,,
"Sent to UMass, e vials to URI",1/14/26,MDP499,Poplar Waterfowl,11/25/25,5AB,2497-33274,MALL,AHY,F,1100,285,51.5,45.8,2.5,Y,,,,,,,,,Y,,,,,,Yes,Y,Y,Y,Y,Y,Y,1,FULL,,,
"Sent to UMass, e vials to URI",1/14/26,MDP500,Poplar Waterfowl,11/25/25,5AB,2497-33275,MALL,AHY,F,1100,264,51,44.1,3,Y,,,,,,,,,Y,,,,,,Yes,Y,Y,Y,Y,N,Y,1,FULL,,,
"Sent to UMass, e vials to URI",1/14/26,MDP501,Poplar Waterfowl,11/25/25,5AB,2497-33276,MALL,AHY,F,850,271,52.1,41.4,2,Y,,,,,,,,,Y,,,,,,Yes,Y,Y,Y,Y,Y,Y,1,FULL,,,
"Sent to UMass, e vials to URI",1/14/26,MDP502,Poplar Waterfowl,11/25/25,5AB,2497-33277,MALL,AHY,F,1350,285,54,46.9,3.5,Y,,,,,,,,,Y,,,,,,Yes,Y,Y,Y,Y,Y,Y,1,FULL,,,
"Sent to UMass, e vials to URI",1/14/26,MDP503,Poplar Waterfowl,11/25/25,5AB,2497-33278,MALL,AHY,F,950,248,50.6,41.5,2.5,Y,,,,,,,,,Y,,,,,,Yes,Y,Y,Y,Y,N,Y,1,FULL,,,
"Sent to UMass, e vials to URI",1/14/26,MDP504,Poplar Waterfowl,11/25/25,5AB,2497-33279,MALL,AHY,M,1150,271,57.8,46,3.5,Y,,,,,,,,,Y,,,,,,Yes,Y,Y,Y,Y,N,Y,1,FULL,,,
"Sent to UMass, e vials to URI",1/14/26,MDP505,Poplar Waterfowl,11/25/25,5AB,2497-33280,ABDX,AHY,M,1200,287,52.1,46.2,3,Y,,,,,,,,,Y,,,,,,Yes,Y,Y,Y,Y,Y,Y,1,FULL,,,
"Sent to UMass, e vials to URI",1/14/26,MDP506,Poplar Waterfowl,11/25/25,5AB,2497-33281,MALL,AHY,F,1070,251,52.7,42.8,3,Y,,,,,,,,,Y,,,,,,Yes,Y,Y,Y,Y,N,Y,1,FULL,,,
"Sent to UMass, e vials to URI",1/14/26,MDP507,Poplar Waterfowl,11/26/25,5AB,2497-33282,MALL,AHY,M,1400,268,55,47.5,3,Y,,,,,,,,,Y,,,,,,Yes,Y,Y,Y,Y,Y,Y,1,FULL,,,
"Sent to UMass, e vials to URI",1/14/26,MDP508,Poplar Waterfowl,11/26/25,5AB,2497-31466,MALL,AHY,M,1130,281,54.4,52.8,3,Y,,,,,,,,,Y,,,,,,Yes,Y,Y,Y,Y,Y,Y,1,FULL,,,
"Sent to UMass, e vials to URI",1/14/26,MDP509,Poplar Waterfowl,11/26/25,5AB,2497-33283,MALL,AHY,M,1250,280,55.2,45.4,3,Y,,,,,,,,,Y,,,,,,Yes,Y,Y,Y,Y,Y,Y,1,FULL,,,
"Sent to UMass, e vials to URI",1/14/26,MDP510,Poplar Waterfowl,11/26/25,5AB,2497-33284,MALL,AHY,M,1260,290,56.4,46.2,3,Y,,,,,,,,,Y,,,,,,Yes,Y,Y,Y,Y,Y,Y,1,FULL,,,
"Sent to UMass, e vials to URI",1/14/26,MDP511,Poplar Waterfowl,11/26/25,5AB,2497-33285,ABDU,AHY,M,1350,280,54,45.5,4,Y,,,,,,,,,Y,,,,,,Yes,Y,Y,Y,Y,Y,Y,1,FULL,,,
"Sent to UMass, e vials to URI",1/14/26,MDP512,Poplar Waterfowl,11/26/25,5AB,2497-33286,ABDU,AHY,M,1350,297,52.1,45.5,3.5,Y,,,,,,,,,Y,,,,,,Yes,Y,Y,Y,Y,Y,Y,1,FULL,,,
"Sent to UMass, e vials to URI",1/14/26,MDP513,Poplar Waterfowl,11/26/25,5AB,2497-33287,ABDX,HY,M,1250,265,52.4,47.6,3,Y,,,,,,,,,Y,,,,,,Yes,Y,Y,Y,Y,Y,Y,1,FULL,,,
"Sent to UMass, e vials to URI",1/14/26,MDP514,Poplar Waterfowl,11/26/25,5AB,2497-33288,ABDX,AHY,M,1340,290,59.1,48.4,3,Y,,,,,,,,,Y,,,,,,Yes,Y,Y,Y,Y,Y,Y,1,FULL,,,
"Sent to UMass, e vials to URI",3/31/26,25JH382,Poplar Waterfowl,2/25/26,1A,2497-31483,MALL,ASY,M,1240,,,,2,Y,,,,,,,,,Y,,,,,,Yes,Y,Y,Y,Y,Y,Y,NA,FULL,NA,,
"Sent to UMass, e vials to URI",3/31/26,25JH383,Poplar Waterfowl,2/25/26,1B,2497-85510,MALL,ASY,M,1420,,,,3,Y,,,,,,,,,Y,,,,,,Yes,Y,Y,Y,Y,Y,Y,NA,FULL,NA,,
"Sent to UMass, e vials to URI",3/31/26,25JH384,Poplar Waterfowl,2/25/26,3D,2497-85497,MALL,ASY,M,1320,,,,3,Y,,,,,,,,,Y,,,,,,Yes,Y,Y,Y,Y,Y,Y,NA,FULL,NA,,
"Sent to UMass, e vials to URI",3/31/26,25JH385,Poplar Waterfowl,2/25/26,3D,2497-85472,ABDU,ASY,M,1100,,,,2,Y,,,,,,,,,Y,,,,,,Yes,Y,Y,Y,Y,Y,Y,NA,FULL,NA,,
"Sent to UMass, e vials to URI",3/31/26,25JH386,Poplar Waterfowl,2/26/26,1B,2497-30827,ABDX,ASY,F,1100,,,,3,Y,,,,,,,,,Y,,,,,,Yes,Y,Y,Y,Y,Y,Y,NA,FULL,NA,,
"Sent to UMass, e vials to URI",3/31/26,25JH387,Poplar Waterfowl,2/26/26,1B,2227-24410,ABDU,ASY,M,1180,,,,2,Y,,,,,,,,,Y,,,,,,Yes,Y,Y,Y,Y,Y,Y,NA,FULL,NA,,
"Sent to UMass, e vials to URI",3/31/26,25JH388,Poplar Waterfowl,2/26/26,3D,2497-85364,MALL,ASY,M,1180,,,,2.5,Y,,,,,,,,,Y,,,,,,Yes,Y,Y,Y,Y,Y,Y,NA,FULL,NA,,
"Sent to UMass, e vials to URI",3/31/26,25JH390,Poplar Waterfowl,2/27/26,3D,2497-85523,MALL,ASY,M,1040,,,,2,Y,,,,,,,,,Y,,,,,,Yes,Y,Y,Y,Y,Y,Y,NA,FULL,NA,,
"Sent to UMass, e vials to URI",3/31/26,25JH391,Poplar Waterfowl,2/27/26,3D,2227-24402,ABDU,ASY,M,1400,,,,3,Y,,,,,,,,,Y,,,,,,Yes,Y,Y,Y,Y,Y,N,NA,FULL,NA,,
"Sent to UMass, e vials to URI",3/31/26,25JH392,Poplar Waterfowl,2/27/26,5AB,2257-23684,MALL,ASY,M,1260,,,,3,Y,,,,,,,,,Y,,,,,,Yes,Y,Y,Y,Y,Y,Y,NA,FULL,NA,,
"Sent to UMass, e vials to URI",3/31/26,25JH393,Poplar Waterfowl,2/27/26,5AB,2497-85409,MALL,ASY,M,1500,,,,3,Y,,,,,,,,,Y,,,,,,Yes,Y,Y,Y,Y,Y,Y,NA,FULL,NA,,
"Sent to UMass, e vials to URI",3/31/26,25JH394,Poplar Waterfowl,2/27/26,5AB,2497-85542,MALL,ASY,M,1250,,,,3,Y,,,,,,,,,Y,,,,,,Yes,Y,Y,Y,Y,Y,Y,NA,FULL,NA,,
"Sent to UMass, e vials to URI",3/31/26,25JH395,Poplar Waterfowl,2/27/26,5AB,2497-85359,MALL,ASY,M,1250,,,,3,Y,,,,,,,,,Y,,,,,,Yes,Y,Y,Y,Y,Y,Y,NA,FULL,NA,,
"Sent to UMass, e vials to URI",3/31/26,25JH396,Poplar Waterfowl,2/27/26,5AB,2497-85348,ABDU,ASY,M,1140,,,,3,Y,,,,,,,,,Y,,,,,,Yes,Y,Y,Y,Y,Y,Y,NA,FULL,NA,,
"Sent to UMass, e vials to URI",3/31/26,25JH397,Poplar Waterfowl,2/27/26,5AB,2257-23692,MALL,ASY,F,1150,,,,2,Y,,,,,,,,,Y,,,,,,Yes,Y,Y,Y,Y,Y,Y,NA,FULL,NA,,
"Sent to UMass, e vials to URI",3/31/26,25JH398,Poplar Waterfowl,3/3/26,1B,2497-85307,MALL,ASY,M,1150,,,,,Y,,,,,,,,,Y,,,,,,Yes,Y,Y,Y,Y,Y,N,NA,FULL,NA,,
"Sent to UMass, e vials to URI",3/31/26,25JH399,Poplar Waterfowl,3/3/26,1B,2497-85382,MALL,ASY,M,1400,,,,,Y,,,,,,,,,Y,,,,,,Yes,Y,Y,Y,Y,Y,Y,NA,FULL,NA,,
"Sent to UMass, e vials to URI",3/31/26,25JH400,Poplar Waterfowl,3/3/26,1B,2497-85390,MALL,ASY,F,1300,,,,,Y,,,,,,,,,Y,,,,,,Yes,Y,Y,Y,Y,Y,Y,NA,FULL,NA,,
"Sent to UMass, e vials to URI",3/31/26,25JH401,Poplar Waterfowl,3/3/26,1B,2497-85392,MALL,SY,F,1280,,,,,Y,,,,,,,,,Y,,,,,,Yes,Y,Y,Y,Y,Y,N,NA,FULL,NA,,
"Sent to UMass, e vials to URI",3/31/26,25JH402,Poplar Waterfowl,3/3/26,5AB,2497-85507,MALL,ASY,M,1400,,,,,Y,,,,,,,,,Y,,,,,,Yes,Y,Y,Y,Y,Y,Y,NA,FULL,NA,,
"Sent to UMass, e vials to URI",3/31/26,25JH403,Poplar Waterfowl,3/3/26,5AB,2497-85397,MALL,ASY,M,1520,,,,,Y,,,,,,,,,Y,,,,,,Yes,Y,Y,Y,Y,Y,N,NA,FULL,NA,,
"Sent to UMass, e vials to URI",3/31/26,25JH404,Poplar Waterfowl,3/4/26,3D,2227-24451,MALL,ASY,F,1140,,,,,Y,,,,,,,,,Y,,,,,,Yes,Y,Y,Y,Y,Y,Y,NA,FULL,NA,,
"Sent to UMass, e vials to URI",3/31/26,25JH405,Poplar Waterfowl,3/4/26,3D,2497-85383,MALL,SY,M,1450,,,,,Y,,,,,,,,,Y,,,,,,Yes,Y,Y,Y,Y,Y,Y,NA,FULL,NA,,
"Sent to UMass, e vials to URI",3/31/26,25JH406,Poplar Waterfowl,3/4/26,3D,2497-33109,ABDU,ASY,M,1350,,,,,Y,,,,,,,,,Y,,,,,,Yes,Y,Y,Y,Y,Y,Y,NA,FULL,NA,,
"Sent to UMass, e vials to URI",3/31/26,25JH407,Poplar Waterfowl,3/4/26,5AB,2497-33114,MALL,ASY,M,1480,,,,,Y,,,,,,,,,Y,,,,,,Yes,Y,Y,Y,Y,Y,N,NA,FULL,NA,,
"Sent to UMass, e vials to URI",3/31/26,25JH408,Poplar Waterfowl,3/5/26,3D,2497-85613,MALL,ASY,F,1120,,,,,Y,,,,,,,,,Y,,,,,,Yes,Y,Y,Y,Y,Y,N,NA,FULL,NA,,
"Sent to UMass, e vials to URI",3/31/26,25JH409,Poplar Waterfowl,3/5/26,5AB,1336-32002,REDH,SY,F,1120,,,,,Y,,,,,,,,,Y,,,,,,Yes,Y,Y,Y,Y,Y,Y,NA,FULL,NA,,
"Sent to UMass, e vials to URI",3/31/26,25JH410,Poplar Waterfowl,3/5/26,5AB,1336-32003,REDH,ASY,M,1400,,,,,Y,,,,,,,,,Y,,,,,,Yes,Y,Y,Y,Y,Y,Y,NA,FULL,NA,,